County Name,State FIPS,County Code,County FIPS,ZIP Code,File Date
Albany,36,1,36001,12046,7/25/07
Albany,36,1,36001,12083,7/25/07
Albany,36,1,36001,12085,7/25/07
Albany,36,1,36001,12201,7/25/07
Albany,36,1,36001,12203,7/25/07
Albany,36,1,36001,12055,7/25/07
Albany,36,1,36001,12204,7/25/07
Albany,36,1,36001,12023,7/25/07
Albany,36,1,36001,12087,7/25/07
Albany,36,1,36001,12205,7/25/07
Albany,36,1,36001,12110,7/25/07
Albany,36,1,36001,12009,7/25/07
Albany,36,1,36001,12202,7/25/07
Albany,36,1,36001,12189,7/25/07
Albany,36,1,36001,12053,7/25/07
Albany,36,1,36001,12159,7/25/07
Albany,36,1,36001,12054,7/25/07
Albany,36,1,36001,12084,7/25/07
Albany,36,1,36001,12045,7/25/07
Albany,36,1,36001,12229,7/25/07
Albany,36,1,36001,12230,7/25/07
Albany,36,1,36001,12243,7/25/07
Albany,36,1,36001,12248,7/25/07
Albany,36,1,36001,12239,7/25/07
Albany,36,1,36001,12227,7/25/07
Albany,36,1,36001,12238,7/25/07
Albany,36,1,36001,12208,7/25/07
Albany,36,1,36001,12222,7/25/07
Albany,36,1,36001,12245,7/25/07
Albany,36,1,36001,12246,7/25/07
Albany,36,1,36001,12240,7/25/07
Albany,36,1,36001,12233,7/25/07
Albany,36,1,36001,12210,7/25/07
Albany,36,1,36001,12241,7/25/07
Albany,36,1,36001,12236,7/25/07
Albany,36,1,36001,12224,7/25/07
Albany,36,1,36001,12469,7/25/07
Albany,36,1,36001,12306,7/25/07
Albany,36,1,36001,12309,7/25/07
Allegany,36,3,36003,14737,7/25/07
Allegany,36,3,36003,14770,7/25/07
Allegany,36,3,36003,14774,7/25/07
Allegany,36,3,36003,14437,7/25/07
Albany,36,1,36001,12261,7/25/07
Allegany,36,3,36003,14708,7/25/07
Albany,36,1,36001,12255,7/25/07
Albany,36,1,36001,12257,7/25/07
Allegany,36,3,36003,14060,7/25/07
Allegany,36,3,36003,14065,7/25/07
Albany,36,1,36001,12460,7/25/07
Allegany,36,3,36003,14744,7/25/07
Allegany,36,3,36003,14711,7/25/07
Albany,36,1,36001,12304,7/25/07
Albany,36,1,36001,12288,7/25/07
Allegany,36,3,36003,14029,7/25/07
Allegany,36,3,36003,14786,7/25/07
Allegany,36,3,36003,14880,7/25/07
Allegany,36,3,36003,14895,7/25/07
Allegany,36,3,36003,14822,7/25/07
Bronx,36,5,36005,10472,7/25/07
Bronx,36,5,36005,10463,7/25/07
Bronx,36,5,36005,10468,7/25/07
Bronx,36,5,36005,10457,7/25/07
Allegany,36,3,36003,14804,7/25/07
Bronx,36,5,36005,10467,7/25/07
Allegany,36,3,36003,14807,7/25/07
Allegany,36,3,36003,14897,7/25/07
Allegany,36,3,36003,14802,7/25/07
Bronx,36,5,36005,10462,7/25/07
Bronx,36,5,36005,10456,7/25/07
Bronx,36,5,36005,10469,7/25/07
Bronx,36,5,36005,10453,7/25/07
Bronx,36,5,36005,10454,7/25/07
Bronx,36,5,36005,10464,7/25/07
Allegany,36,3,36003,14813,7/25/07
Broome,36,7,36007,13744,7/25/07
Broome,36,7,36007,13790,7/25/07
Broome,36,7,36007,13745,7/25/07
Bronx,36,5,36005,10474,7/25/07
Broome,36,7,36007,13777,7/25/07
Broome,36,7,36007,13746,7/25/07
Broome,36,7,36007,13760,7/25/07
Bronx,36,5,36005,10803,7/25/07
Bronx,36,5,36005,10704,7/25/07
Broome,36,7,36007,13762,7/25/07
Bronx,36,5,36005,10499,7/25/07
Broome,36,7,36007,13851,7/25/07
Broome,36,7,36007,13850,7/25/07
Broome,36,7,36007,13736,7/25/07
Broome,36,7,36007,13813,7/25/07
Broome,36,7,36007,13795,7/25/07
Broome,36,7,36007,13835,7/25/07
Broome,36,7,36007,13778,7/25/07
Broome,36,7,36007,13802,7/25/07
Cattaraugus,36,9,36009,14060,7/25/07
Cattaraugus,36,9,36009,14730,7/25/07
Cattaraugus,36,9,36009,14737,7/25/07
Broome,36,7,36007,13905,7/25/07
Cattaraugus,36,9,36009,14141,7/25/07
Cattaraugus,36,9,36009,14747,7/25/07
Cattaraugus,36,9,36009,14727,7/25/07
Cattaraugus,36,9,36009,14065,7/25/07
Cattaraugus,36,9,36009,14168,7/25/07
Cattaraugus,36,9,36009,14171,7/25/07
Cattaraugus,36,9,36009,14719,7/25/07
Cattaraugus,36,9,36009,14030,7/25/07
Cattaraugus,36,9,36009,14129,7/25/07
Broome,36,7,36007,13902,7/25/07
Cattaraugus,36,9,36009,14041,7/25/07
Cattaraugus,36,9,36009,14743,7/25/07
Cattaraugus,36,9,36009,14731,7/25/07
Cattaraugus,36,9,36009,14133,7/25/07
Cayuga,36,11,36011,13111,7/25/07
Cayuga,36,11,36011,13021,7/25/07
Cattaraugus,36,9,36009,14753,7/25/07
Cayuga,36,11,36011,13113,7/25/07
Cayuga,36,11,36011,13022,7/25/07
Cattaraugus,36,9,36009,14766,7/25/07
Cayuga,36,11,36011,13147,7/25/07
Cayuga,36,11,36011,13033,7/25/07
Cattaraugus,36,9,36009,14779,7/25/07
Cayuga,36,11,36011,13071,7/25/07
Cayuga,36,11,36011,13143,7/25/07
Cattaraugus,36,9,36009,14788,7/25/07
Cattaraugus,36,9,36009,14748,7/25/07
Cattaraugus,36,9,36009,14783,7/25/07
Cayuga,36,11,36011,13126,7/25/07
Cayuga,36,11,36011,13034,7/25/07
Cayuga,36,11,36011,13139,7/25/07
Cattaraugus,36,9,36009,14770,7/25/07
Cayuga,36,11,36011,13118,7/25/07
Chautauqua,36,13,36013,14750,7/25/07
Chautauqua,36,13,36013,14136,7/25/07
Cayuga,36,11,36011,13160,7/25/07
Chautauqua,36,13,36013,14720,7/25/07
Chautauqua,36,13,36013,14728,7/25/07
Chautauqua,36,13,36013,14732,7/25/07
Cayuga,36,11,36011,14882,7/25/07
Chautauqua,36,13,36013,14757,7/25/07
Chautauqua,36,13,36013,14138,7/25/07
Chautauqua,36,13,36013,14736,7/25/07
Chautauqua,36,13,36013,14740,7/25/07
Chautauqua,36,13,36013,14724,7/25/07
Cayuga,36,11,36011,13166,7/25/07
Chautauqua,36,13,36013,14081,7/25/07
Chautauqua,36,13,36013,14733,7/25/07
Chautauqua,36,13,36013,14166,7/25/07
Chautauqua,36,13,36013,14135,7/25/07
Chautauqua,36,13,36013,14747,7/25/07
Chautauqua,36,13,36013,14701,7/25/07
Chautauqua,36,13,36013,14726,7/25/07
Chemung,36,15,36015,14871,7/25/07
Chemung,36,15,36015,14812,7/25/07
Chemung,36,15,36015,14904,7/25/07
Chemung,36,15,36015,14816,7/25/07
Chautauqua,36,13,36013,14785,7/25/07
Chemung,36,15,36015,14845,7/25/07
Chemung,36,15,36015,14830,7/25/07
Chautauqua,36,13,36013,14775,7/25/07
Chenango,36,17,36017,13072,7/25/07
Chautauqua,36,13,36013,14782,7/25/07
Chemung,36,15,36015,14892,7/25/07
Chemung,36,15,36015,14861,7/25/07
Chemung,36,15,36015,14805,7/25/07
Chautauqua,36,13,36013,14767,7/25/07
Chenango,36,17,36017,13052,7/25/07
Chenango,36,17,36017,13124,7/25/07
Chautauqua,36,13,36013,14769,7/25/07
Chautauqua,36,13,36013,14784,7/25/07
Chemung,36,15,36015,14859,7/25/07
Chemung,36,15,36015,14903,7/25/07
Chemung,36,15,36015,14905,7/25/07
Chemung,36,15,36015,14901,7/25/07
Clinton,36,19,36019,12921,7/25/07
Chenango,36,17,36017,13733,7/25/07
Chenango,36,17,36017,13863,7/25/07
Chenango,36,17,36017,13813,7/25/07
Chenango,36,17,36017,13809,7/25/07
Clinton,36,19,36019,12924,7/25/07
Chenango,36,17,36017,13746,7/25/07
Chenango,36,17,36017,13814,7/25/07
Chenango,36,17,36017,13411,7/25/07
Chenango,36,17,36017,13844,7/25/07
Chenango,36,17,36017,13778,7/25/07
Chenango,36,17,36017,13780,7/25/07
Chenango,36,17,36017,13843,7/25/07
Chenango,36,17,36017,13136,7/25/07
Chenango,36,17,36017,13758,7/25/07
Chenango,36,17,36017,13833,7/25/07
Chenango,36,17,36017,13155,7/25/07
Chenango,36,17,36017,13801,7/25/07
Columbia,36,21,36021,12165,7/25/07
Columbia,36,21,36021,12029,7/25/07
Clinton,36,19,36019,12958,7/25/07
Clinton,36,19,36019,12979,7/25/07
Columbia,36,21,36021,12060,7/25/07
Columbia,36,21,36021,12024,7/25/07
Clinton,36,19,36019,12962,7/25/07
Clinton,36,19,36019,12981,7/25/07
Columbia,36,21,36021,12132,7/25/07
Clinton,36,19,36019,12972,7/25/07
Columbia,36,21,36021,12017,7/25/07
Columbia,36,21,36021,12037,7/25/07
Clinton,36,19,36019,12955,7/25/07
Columbia,36,21,36021,12106,7/25/07
Columbia,36,21,36021,12075,7/25/07
Clinton,36,19,36019,12952,7/25/07
Columbia,36,21,36021,12130,7/25/07
Clinton,36,19,36019,12992,7/25/07
Columbia,36,21,36021,12062,7/25/07
Cortland,36,23,36023,13835,7/25/07
Cortland,36,23,36023,13784,7/25/07
Columbia,36,21,36021,12571,7/25/07
Columbia,36,21,36021,12534,7/25/07
Columbia,36,21,36021,12530,7/25/07
Columbia,36,21,36021,12513,7/25/07
Columbia,36,21,36021,12503,7/25/07
Columbia,36,21,36021,12174,7/25/07
Cortland,36,23,36023,13158,7/25/07
Cortland,36,23,36023,13803,7/25/07
Cortland,36,23,36023,13159,7/25/07
Columbia,36,21,36021,12565,7/25/07
Cortland,36,23,36023,13738,7/25/07
Cortland,36,23,36023,13052,7/25/07
Cortland,36,23,36023,13040,7/25/07
Cortland,36,23,36023,13087,7/25/07
Columbia,36,21,36021,12523,7/25/07
Cortland,36,23,36023,13077,7/25/07
Columbia,36,21,36021,12541,7/25/07
Delaware,36,25,36025,13740,7/25/07
Delaware,36,25,36025,12421,7/25/07
Delaware,36,25,36025,12155,7/25/07
Delaware,36,25,36025,12465,7/25/07
Delaware,36,25,36025,13755,7/25/07
Delaware,36,25,36025,13752,7/25/07
Delaware,36,25,36025,13804,7/25/07
Delaware,36,25,36025,13757,7/25/07
Delaware,36,25,36025,13753,7/25/07
Delaware,36,25,36025,13750,7/25/07
Delaware,36,25,36025,12459,7/25/07
Delaware,36,25,36025,13733,7/25/07
Delaware,36,25,36025,13756,7/25/07
Delaware,36,25,36025,13820,7/25/07
Delaware,36,25,36025,13739,7/25/07
Delaware,36,25,36025,13786,7/25/07
Delaware,36,25,36025,13751,7/25/07
Dutchess,36,27,36027,12572,7/25/07
Dutchess,36,27,36027,12540,7/25/07
Delaware,36,25,36025,13846,7/25/07
Dutchess,36,27,36027,12512,7/25/07
Delaware,36,25,36025,13825,7/25/07
Dutchess,36,27,36027,12522,7/25/07
Dutchess,36,27,36027,12567,7/25/07
Dutchess,36,27,36027,12506,7/25/07
Delaware,36,25,36025,13839,7/25/07
Dutchess,36,27,36027,12508,7/25/07
Delaware,36,25,36025,13856,7/25/07
Dutchess,36,27,36027,12574,7/25/07
Dutchess,36,27,36027,12527,7/25/07
Dutchess,36,27,36027,12578,7/25/07
Delaware,36,25,36025,13849,7/25/07
Dutchess,36,27,36027,12571,7/25/07
Dutchess,36,27,36027,12537,7/25/07
Dutchess,36,27,36027,12545,7/25/07
Dutchess,36,27,36027,12511,7/25/07
Dutchess,36,27,36027,12531,7/25/07
Dutchess,36,27,36027,12533,7/25/07
Erie,36,29,36029,14055,7/25/07
Dutchess,36,27,36027,12582,7/25/07
Erie,36,29,36029,14038,7/25/07
Erie,36,29,36029,14037,7/25/07
Erie,36,29,36029,14032,7/25/07
Erie,36,29,36029,14061,7/25/07
Dutchess,36,27,36027,12581,7/25/07
Erie,36,29,36029,14068,7/25/07
Dutchess,36,27,36027,12580,7/25/07
Dutchess,36,27,36027,12604,7/25/07
Dutchess,36,27,36027,12601,7/25/07
Erie,36,29,36029,14059,7/25/07
Erie,36,29,36029,14006,7/25/07
Dutchess,36,27,36027,12594,7/25/07
Erie,36,29,36029,14026,7/25/07
Dutchess,36,27,36027,12583,7/25/07
Erie,36,29,36029,14027,7/25/07
Dutchess,36,27,36027,12603,7/25/07
Erie,36,29,36029,14030,7/25/07
Erie,36,29,36029,14031,7/25/07
Erie,36,29,36029,14081,7/25/07
Erie,36,29,36029,14205,7/25/07
Erie,36,29,36029,14212,7/25/07
Erie,36,29,36029,14069,7/25/07
Erie,36,29,36029,14111,7/25/07
Erie,36,29,36029,14214,7/25/07
Erie,36,29,36029,14141,7/25/07
Erie,36,29,36029,14208,7/25/07
Erie,36,29,36029,14213,7/25/07
Erie,36,29,36029,14207,7/25/07
Erie,36,29,36029,14070,7/25/07
Erie,36,29,36029,14085,7/25/07
Erie,36,29,36029,14204,7/25/07
Erie,36,29,36029,14202,7/25/07
Erie,36,29,36029,14072,7/25/07
Erie,36,29,36029,14080,7/25/07
Erie,36,29,36029,14140,7/25/07
Erie,36,29,36029,14150,7/25/07
Erie,36,29,36029,14091,7/25/07
Erie,36,29,36029,14203,7/25/07
Erie,36,29,36029,14127,7/25/07
Erie,36,29,36029,14170,7/25/07
Essex,36,31,36031,12858,7/25/07
Essex,36,31,36031,12853,7/25/07
Erie,36,29,36029,14263,7/25/07
Erie,36,29,36029,14261,7/25/07
Erie,36,29,36029,14220,7/25/07
Erie,36,29,36029,14272,7/25/07
Erie,36,29,36029,14224,7/25/07
Erie,36,29,36029,14215,7/25/07
Essex,36,31,36031,12851,7/25/07
Erie,36,29,36029,14265,7/25/07
Erie,36,29,36029,14221,7/25/07
Essex,36,31,36031,12836,7/25/07
Erie,36,29,36029,14240,7/25/07
Erie,36,29,36029,14228,7/25/07
Essex,36,31,36031,12852,7/25/07
Essex,36,31,36031,12961,7/25/07
Essex,36,31,36031,12964,7/25/07
Essex,36,31,36031,12993,7/25/07
Essex,36,31,36031,12960,7/25/07
Essex,36,31,36031,12977,7/25/07
Essex,36,31,36031,12932,7/25/07
Essex,36,31,36031,12975,7/25/07
Franklin,36,33,36033,12912,7/25/07
Essex,36,31,36031,12974,7/25/07
Essex,36,31,36031,12879,7/25/07
Essex,36,31,36031,12942,7/25/07
Essex,36,31,36031,12872,7/25/07
Franklin,36,33,36033,12916,7/25/07
Essex,36,31,36031,12928,7/25/07
Essex,36,31,36031,12987,7/25/07
Essex,36,31,36031,12989,7/25/07
Essex,36,31,36031,12972,7/25/07
Franklin,36,33,36033,12976,7/25/07
Fulton,36,35,36035,12095,7/25/07
Fulton,36,35,36035,12134,7/25/07
Franklin,36,33,36033,12926,7/25/07
Franklin,36,33,36033,12969,7/25/07
Franklin,36,33,36033,12939,7/25/07
Franklin,36,33,36033,13683,7/25/07
Franklin,36,33,36033,12937,7/25/07
Fulton,36,35,36035,13329,7/25/07
Fulton,36,35,36035,12025,7/25/07
Franklin,36,33,36033,12953,7/25/07
Fulton,36,35,36035,13452,7/25/07
Franklin,36,33,36033,12920,7/25/07
Franklin,36,33,36033,12989,7/25/07
Franklin,36,33,36033,12967,7/25/07
Franklin,36,33,36033,12945,7/25/07
Fulton,36,35,36035,12078,7/25/07
Fulton,36,35,36035,12068,7/25/07
Fulton,36,35,36035,12032,7/25/07
Franklin,36,33,36033,12957,7/25/07
Franklin,36,33,36033,12955,7/25/07
Fulton,36,35,36035,13470,7/25/07
Genesee,36,37,36037,14054,7/25/07
Genesee,36,37,36037,14036,7/25/07
Greene,36,39,36039,12176,7/25/07
Greene,36,39,36039,12407,7/25/07
Genesee,36,37,36037,14004,7/25/07
Greene,36,39,36039,12124,7/25/07
Genesee,36,37,36037,14422,7/25/07
Genesee,36,37,36037,14482,7/25/07
Genesee,36,37,36037,14591,7/25/07
Genesee,36,37,36037,14011,7/25/07
Genesee,36,37,36037,14525,7/25/07
Genesee,36,37,36037,14428,7/25/07
Genesee,36,37,36037,14058,7/25/07
Greene,36,39,36039,12413,7/25/07
Greene,36,39,36039,12051,7/25/07
Greene,36,39,36039,12046,7/25/07
Genesee,36,37,36037,14013,7/25/07
Greene,36,39,36039,12042,7/25/07
Greene,36,39,36039,12414,7/25/07
Genesee,36,37,36037,14105,7/25/07
Hamilton,36,41,36041,12108,7/25/07
Greene,36,39,36039,12473,7/25/07
Greene,36,39,36039,12485,7/25/07
Hamilton,36,41,36041,12842,7/25/07
Hamilton,36,41,36041,12139,7/25/07
Greene,36,39,36039,12492,7/25/07
Greene,36,39,36039,12470,7/25/07
Greene,36,39,36039,12460,7/25/07
Greene,36,39,36039,12444,7/25/07
Hamilton,36,41,36041,12812,7/25/07
Greene,36,39,36039,12480,7/25/07
Greene,36,39,36039,12463,7/25/07
Hamilton,36,41,36041,12134,7/25/07
Greene,36,39,36039,12469,7/25/07
Greene,36,39,36039,12477,7/25/07
Greene,36,39,36039,12454,7/25/07
Greene,36,39,36039,12439,7/25/07
Greene,36,39,36039,12496,7/25/07
Greene,36,39,36039,12495,7/25/07
Hamilton,36,41,36041,12164,7/25/07
Greene,36,39,36039,12442,7/25/07
Greene,36,39,36039,12430,7/25/07
Herkimer,36,43,36043,13340,7/25/07
Herkimer,36,43,36043,13454,7/25/07
Herkimer,36,43,36043,13304,7/25/07
Hamilton,36,41,36041,13360,7/25/07
Herkimer,36,43,36043,13431,7/25/07
Herkimer,36,43,36043,13329,7/25/07
Jefferson,36,45,36045,13083,7/25/07
Hamilton,36,41,36041,13353,7/25/07
Hamilton,36,41,36041,12864,7/25/07
Herkimer,36,43,36043,13361,7/25/07
Herkimer,36,43,36043,13406,7/25/07
Herkimer,36,43,36043,13502,7/25/07
Herkimer,36,43,36043,13501,7/25/07
Herkimer,36,43,36043,13438,7/25/07
Herkimer,36,43,36043,13416,7/25/07
Herkimer,36,43,36043,13322,7/25/07
Herkimer,36,43,36043,13365,7/25/07
Herkimer,36,43,36043,13338,7/25/07
Jefferson,36,45,36045,13661,7/25/07
Jefferson,36,45,36045,13605,7/25/07
Jefferson,36,45,36045,13674,7/25/07
Jefferson,36,45,36045,13643,7/25/07
Jefferson,36,45,36045,13651,7/25/07
Jefferson,36,45,36045,13619,7/25/07
Jefferson,36,45,36045,13659,7/25/07
Jefferson,36,45,36045,13618,7/25/07
Jefferson,36,45,36045,13632,7/25/07
Jefferson,36,45,36045,13602,7/25/07
Jefferson,36,45,36045,13637,7/25/07
Jefferson,36,45,36045,13671,7/25/07
Jefferson,36,45,36045,13607,7/25/07
Kings,36,47,36047,11221,7/25/07
Kings,36,47,36047,11220,7/25/07
Kings,36,47,36047,11224,7/25/07
Jefferson,36,45,36045,13679,7/25/07
Kings,36,47,36047,11202,7/25/07
Kings,36,47,36047,11212,7/25/07
Kings,36,47,36047,11218,7/25/07
Kings,36,47,36047,11225,7/25/07
Kings,36,47,36047,11207,7/25/07
Jefferson,36,45,36045,13693,7/25/07
Kings,36,47,36047,11216,7/25/07
Kings,36,47,36047,11217,7/25/07
Kings,36,47,36047,11208,7/25/07
Kings,36,47,36047,11230,7/25/07
Kings,36,47,36047,11223,7/25/07
Kings,36,47,36047,11215,7/25/07
Kings,36,47,36047,11203,7/25/07
Kings,36,47,36047,11219,7/25/07
Jefferson,36,45,36045,13675,7/25/07
Kings,36,47,36047,11235,7/25/07
Lewis,36,49,36049,13437,7/25/07
Kings,36,47,36047,11243,7/25/07
Kings,36,47,36047,11239,7/25/07
Lewis,36,49,36049,13305,7/25/07
Lewis,36,49,36049,13489,7/25/07
Lewis,36,49,36049,13345,7/25/07
Lewis,36,49,36049,13367,7/25/07
Kings,36,47,36047,11234,7/25/07
Kings,36,47,36047,11249,7/25/07
Lewis,36,49,36049,13433,7/25/07
Kings,36,47,36047,11231,7/25/07
Lewis,36,49,36049,13619,7/25/07
Lewis,36,49,36049,13325,7/25/07
Kings,36,47,36047,11252,7/25/07
Lewis,36,49,36049,13620,7/25/07
Kings,36,47,36047,11233,7/25/07
Lewis,36,49,36049,13309,7/25/07
Kings,36,47,36047,11238,7/25/07
Livingston,36,51,36051,14485,7/25/07
Lewis,36,49,36049,13665,7/25/07
Livingston,36,51,36051,14437,7/25/07
Livingston,36,51,36051,14536,7/25/07
Livingston,36,51,36051,14510,7/25/07
Livingston,36,51,36051,14435,7/25/07
Lewis,36,49,36049,13682,7/25/07
Livingston,36,51,36051,14822,7/25/07
Livingston,36,51,36051,14525,7/25/07
Livingston,36,51,36051,14454,7/25/07
Livingston,36,51,36051,14545,7/25/07
Livingston,36,51,36051,14572,7/25/07
Livingston,36,51,36051,14466,7/25/07
Livingston,36,51,36051,14592,7/25/07
Livingston,36,51,36051,14560,7/25/07
Livingston,36,51,36051,14488,7/25/07
Livingston,36,51,36051,14530,7/25/07
Livingston,36,51,36051,14533,7/25/07
Livingston,36,51,36051,14487,7/25/07
Madison,36,53,36053,13460,7/25/07
Madison,36,53,36053,13425,7/25/07
Madison,36,53,36053,13402,7/25/07
Madison,36,53,36053,13061,7/25/07
Monroe,36,55,36055,14410,7/25/07
Madison,36,53,36053,13104,7/25/07
Madison,36,53,36053,13082,7/25/07
Madison,36,53,36053,13409,7/25/07
Madison,36,53,36053,13122,7/25/07
Madison,36,53,36053,13421,7/25/07
Monroe,36,55,36055,14414,7/25/07
Madison,36,53,36053,13491,7/25/07
Madison,36,53,36053,13364,7/25/07
Madison,36,53,36053,13334,7/25/07
Madison,36,53,36053,13480,7/25/07
Madison,36,53,36053,13163,7/25/07
Madison,36,53,36053,13484,7/25/07
Madison,36,53,36053,13310,7/25/07
Madison,36,53,36053,13030,7/25/07
Madison,36,53,36053,13072,7/25/07
Madison,36,53,36053,13032,7/25/07
Madison,36,53,36053,13037,7/25/07
Monroe,36,55,36055,14428,7/25/07
Monroe,36,55,36055,14543,7/25/07
Monroe,36,55,36055,14445,7/25/07
Monroe,36,55,36055,14580,7/25/07
Monroe,36,55,36055,14610,7/25/07
Monroe,36,55,36055,14506,7/25/07
Monroe,36,55,36055,14511,7/25/07
Monroe,36,55,36055,14612,7/25/07
Monroe,36,55,36055,14559,7/25/07
Monroe,36,55,36055,14611,7/25/07
Monroe,36,55,36055,14464,7/25/07
Monroe,36,55,36055,14546,7/25/07
Monroe,36,55,36055,14602,7/25/07
Monroe,36,55,36055,14508,7/25/07
Monroe,36,55,36055,14606,7/25/07
Monroe,36,55,36055,14564,7/25/07
Monroe,36,55,36055,14605,7/25/07
Monroe,36,55,36055,14526,7/25/07
Monroe,36,55,36055,14502,7/25/07
Monroe,36,55,36055,14467,7/25/07
Monroe,36,55,36055,14514,7/25/07
Monroe,36,55,36055,14450,7/25/07
Monroe,36,55,36055,14651,7/25/07
Monroe,36,55,36055,14647,7/25/07
Monroe,36,55,36055,14615,7/25/07
Monroe,36,55,36055,14626,7/25/07
Monroe,36,55,36055,14619,7/25/07
Montgomery,36,57,36057,12068,7/25/07
Monroe,36,55,36055,14645,7/25/07
Monroe,36,55,36055,14642,7/25/07
Monroe,36,55,36055,14639,7/25/07
Monroe,36,55,36055,14616,7/25/07
Monroe,36,55,36055,14618,7/25/07
Monroe,36,55,36055,14650,7/25/07
Montgomery,36,57,36057,12069,7/25/07
Montgomery,36,57,36057,12016,7/25/07
Monroe,36,55,36055,14625,7/25/07
Monroe,36,55,36055,14646,7/25/07
Monroe,36,55,36055,14644,7/25/07
Monroe,36,55,36055,14627,7/25/07
Monroe,36,55,36055,14692,7/25/07
Nassau,36,59,36059,11023,7/25/07
Montgomery,36,57,36057,13339,7/25/07
Nassau,36,59,36059,11096,7/25/07
Montgomery,36,57,36057,12070,7/25/07
Montgomery,36,57,36057,13410,7/25/07
Nassau,36,59,36059,11030,7/25/07
Montgomery,36,57,36057,12160,7/25/07
Montgomery,36,57,36057,13452,7/25/07
Nassau,36,59,36059,11022,7/25/07
Nassau,36,59,36059,11024,7/25/07
Montgomery,36,57,36057,13317,7/25/07
Montgomery,36,57,36057,12095,7/25/07
Montgomery,36,57,36057,12137,7/25/07
Nassau,36,59,36059,11052,7/25/07
Nassau,36,59,36059,11001,7/25/07
Nassau,36,59,36059,11010,7/25/07
Nassau,36,59,36059,11053,7/25/07
Nassau,36,59,36059,11003,7/25/07
Nassau,36,59,36059,11042,7/25/07
Nassau,36,59,36059,11002,7/25/07
Nassau,36,59,36059,11561,7/25/07
Nassau,36,59,36059,11575,7/25/07
Nassau,36,59,36059,11514,7/25/07
Nassau,36,59,36059,11518,7/25/07
Nassau,36,59,36059,11547,7/25/07
Nassau,36,59,36059,11542,7/25/07
Nassau,36,59,36059,11535,7/25/07
Nassau,36,59,36059,11536,7/25/07
Nassau,36,59,36059,11520,7/25/07
Nassau,36,59,36059,11568,7/25/07
Nassau,36,59,36059,11558,7/25/07
Nassau,36,59,36059,11557,7/25/07
Nassau,36,59,36059,11545,7/25/07
Nassau,36,59,36059,11516,7/25/07
Nassau,36,59,36059,11570,7/25/07
Nassau,36,59,36059,11510,7/25/07
Nassau,36,59,36059,11551,7/25/07
Nassau,36,59,36059,11560,7/25/07
Nassau,36,59,36059,11531,7/25/07
Nassau,36,59,36059,11596,7/25/07
Nassau,36,59,36059,11709,7/25/07
Nassau,36,59,36059,11576,7/25/07
Nassau,36,59,36059,11762,7/25/07
Nassau,36,59,36059,11756,7/25/07
Nassau,36,59,36059,11797,7/25/07
Nassau,36,59,36059,11598,7/25/07
Nassau,36,59,36059,11710,7/25/07
Nassau,36,59,36059,11594,7/25/07
Nassau,36,59,36059,11582,7/25/07
Nassau,36,59,36059,11801,7/25/07
Nassau,36,59,36059,11714,7/25/07
Nassau,36,59,36059,11743,7/25/07
Nassau,36,59,36059,11724,7/25/07
Nassau,36,59,36059,11580,7/25/07
Nassau,36,59,36059,11791,7/25/07
Nassau,36,59,36059,11581,7/25/07
Nassau,36,59,36059,11595,7/25/07
Nassau,36,59,36059,11735,7/25/07
New York,36,61,36061,10024,7/25/07
New York,36,61,36061,10016,7/25/07
New York,36,61,36061,10014,7/25/07
New York,36,61,36061,10026,7/25/07
New York,36,61,36061,10027,7/25/07
New York,36,61,36061,10004,7/25/07
New York,36,61,36061,10023,7/25/07
New York,36,61,36061,10020,7/25/07
Nassau,36,59,36059,11854,7/25/07
New York,36,61,36061,10022,7/25/07
New York,36,61,36061,10017,7/25/07
Nassau,36,59,36059,11855,7/25/07
New York,36,61,36061,10006,7/25/07
New York,36,61,36061,10019,7/25/07
New York,36,61,36061,10029,7/25/07
New York,36,61,36061,10007,7/25/07
New York,36,61,36061,10009,7/25/07
New York,36,61,36061,10010,7/25/07
New York,36,61,36061,10011,7/25/07
Nassau,36,59,36059,11803,7/25/07
New York,36,61,36061,10045,7/25/07
New York,36,61,36061,10072,7/25/07
New York,36,61,36061,10038,7/25/07
New York,36,61,36061,10082,7/25/07
New York,36,61,36061,10080,7/25/07
New York,36,61,36061,10035,7/25/07
New York,36,61,36061,10106,7/25/07
New York,36,61,36061,10065,7/25/07
New York,36,61,36061,10112,7/25/07
New York,36,61,36061,10110,7/25/07
New York,36,61,36061,10087,7/25/07
New York,36,61,36061,10044,7/25/07
New York,36,61,36061,10055,7/25/07
New York,36,61,36061,10034,7/25/07
New York,36,61,36061,10048,7/25/07
New York,36,61,36061,10069,7/25/07
New York,36,61,36061,10105,7/25/07
New York,36,61,36061,10156,7/25/07
New York,36,61,36061,10163,7/25/07
New York,36,61,36061,10121,7/25/07
New York,36,61,36061,10160,7/25/07
New York,36,61,36061,10122,7/25/07
New York,36,61,36061,10154,7/25/07
New York,36,61,36061,10157,7/25/07
New York,36,61,36061,10166,7/25/07
New York,36,61,36061,10133,7/25/07
New York,36,61,36061,10128,7/25/07
New York,36,61,36061,10153,7/25/07
New York,36,61,36061,10124,7/25/07
New York,36,61,36061,10149,7/25/07
New York,36,61,36061,10132,7/25/07
New York,36,61,36061,10164,7/25/07
New York,36,61,36061,10119,7/25/07
New York,36,61,36061,10118,7/25/07
New York,36,61,36061,10151,7/25/07
New York,36,61,36061,10165,7/25/07
New York,36,61,36061,10271,7/25/07
New York,36,61,36061,10169,7/25/07
New York,36,61,36061,10279,7/25/07
New York,36,61,36061,10172,7/25/07
New York,36,61,36061,10177,7/25/07
New York,36,61,36061,10174,7/25/07
New York,36,61,36061,10270,7/25/07
New York,36,61,36061,10176,7/25/07
New York,36,61,36061,10259,7/25/07
New York,36,61,36061,10276,7/25/07
New York,36,61,36061,10277,7/25/07
New York,36,61,36061,10256,7/25/07
New York,36,61,36061,10171,7/25/07
New York,36,61,36061,10179,7/25/07
New York,36,61,36061,10249,7/25/07
New York,36,61,36061,10268,7/25/07
New York,36,61,36061,10272,7/25/07
New York,36,61,36061,10260,7/25/07
New York,36,61,36061,10213,7/25/07
New York,36,61,36061,10280,7/25/07
New York,36,61,36061,10286,7/25/07
Niagara,36,63,36063,14132,7/25/07
Niagara,36,63,36063,14131,7/25/07
Niagara,36,63,36063,14107,7/25/07
New York,36,61,36061,10463,7/25/07
Niagara,36,63,36063,14302,7/25/07
Oneida,36,65,36065,13042,7/25/07
New York,36,61,36061,10281,7/25/07
Niagara,36,63,36063,14028,7/25/07
Niagara,36,63,36063,14105,7/25/07
Niagara,36,63,36063,14301,7/25/07
Niagara,36,63,36063,14109,7/25/07
New York,36,61,36061,10282,7/25/07
Oneida,36,65,36065,13409,7/25/07
Oneida,36,65,36065,13319,7/25/07
Oneida,36,65,36065,13424,7/25/07
Oneida,36,65,36065,13363,7/25/07
Oneida,36,65,36065,13442,7/25/07
Oneida,36,65,36065,13401,7/25/07
Oneida,36,65,36065,13338,7/25/07
Oneida,36,65,36065,13321,7/25/07
Oneida,36,65,36065,13304,7/25/07
Oneida,36,65,36065,13440,7/25/07
Oneida,36,65,36065,13354,7/25/07
Oneida,36,65,36065,13318,7/25/07
Oneida,36,65,36065,13417,7/25/07
Oneida,36,65,36065,13456,7/25/07
Oneida,36,65,36065,13502,7/25/07
Onondaga,36,67,36067,13057,7/25/07
Onondaga,36,67,36067,13029,7/25/07
Oneida,36,65,36065,13503,7/25/07
Onondaga,36,67,36067,13051,7/25/07
Oneida,36,65,36065,13486,7/25/07
Oneida,36,65,36065,13492,7/25/07
Onondaga,36,67,36067,13035,7/25/07
Oneida,36,65,36065,13480,7/25/07
Onondaga,36,67,36067,13041,7/25/07
Oneida,36,65,36065,13494,7/25/07
Oneida,36,65,36065,13490,7/25/07
Onondaga,36,67,36067,13063,7/25/07
Onondaga,36,67,36067,13039,7/25/07
Oneida,36,65,36065,13471,7/25/07
Onondaga,36,67,36067,13027,7/25/07
Oneida,36,65,36065,13469,7/25/07
Onondaga,36,67,36067,13036,7/25/07
Oneida,36,65,36065,13479,7/25/07
Onondaga,36,67,36067,13201,7/25/07
Onondaga,36,67,36067,13205,7/25/07
Onondaga,36,67,36067,13089,7/25/07
Onondaga,36,67,36067,13077,7/25/07
Onondaga,36,67,36067,13204,7/25/07
Onondaga,36,67,36067,13207,7/25/07
Onondaga,36,67,36067,13108,7/25/07
Onondaga,36,67,36067,13080,7/25/07
Onondaga,36,67,36067,13211,7/25/07
Onondaga,36,67,36067,13084,7/25/07
Onondaga,36,67,36067,13141,7/25/07
Onondaga,36,67,36067,13137,7/25/07
Onondaga,36,67,36067,13116,7/25/07
Onondaga,36,67,36067,13153,7/25/07
Onondaga,36,67,36067,13135,7/25/07
Onondaga,36,67,36067,13088,7/25/07
Onondaga,36,67,36067,13112,7/25/07
Onondaga,36,67,36067,13090,7/25/07
Onondaga,36,67,36067,13209,7/25/07
Onondaga,36,67,36067,13224,7/25/07
Ontario,36,69,36069,14512,7/25/07
Onondaga,36,67,36067,13221,7/25/07
Onondaga,36,67,36067,13261,7/25/07
Ontario,36,69,36069,14487,7/25/07
Ontario,36,69,36069,14463,7/25/07
Onondaga,36,67,36067,13219,7/25/07
Ontario,36,69,36069,14469,7/25/07
Ontario,36,69,36069,14489,7/25/07
Ontario,36,69,36069,14513,7/25/07
Onondaga,36,67,36067,13217,7/25/07
Onondaga,36,67,36067,13250,7/25/07
Ontario,36,69,36069,14518,7/25/07
Ontario,36,69,36069,14443,7/25/07
Ontario,36,69,36069,14475,7/25/07
Onondaga,36,67,36067,13290,7/25/07
Ontario,36,69,36069,14425,7/25/07
Onondaga,36,67,36067,13218,7/25/07
Ontario,36,69,36069,14471,7/25/07
Onondaga,36,67,36067,13212,7/25/07
Orange,36,71,36071,10922,7/25/07
Orange,36,71,36071,10958,7/25/07
Ontario,36,69,36069,14532,7/25/07
Orange,36,71,36071,10919,7/25/07
Orange,36,71,36071,10930,7/25/07
Orange,36,71,36071,10963,7/25/07
Orange,36,71,36071,10943,7/25/07
Orange,36,71,36071,10910,7/25/07
Orange,36,71,36071,10925,7/25/07
Orange,36,71,36071,10918,7/25/07
Orange,36,71,36071,10953,7/25/07
Orange,36,71,36071,10959,7/25/07
Ontario,36,69,36069,14560,7/25/07
Orange,36,71,36071,10933,7/25/07
Orange,36,71,36071,10940,7/25/07
Orange,36,71,36071,10928,7/25/07
Ontario,36,69,36069,14548,7/25/07
Ontario,36,69,36069,14522,7/25/07
Orange,36,71,36071,10932,7/25/07
Orange,36,71,36071,10990,7/25/07
Orange,36,71,36071,12780,7/25/07
Orange,36,71,36071,12518,7/25/07
Orange,36,71,36071,10998,7/25/07
Orange,36,71,36071,12552,7/25/07
Orange,36,71,36071,12553,7/25/07
Orange,36,71,36071,12520,7/25/07
Orange,36,71,36071,12549,7/25/07
Orange,36,71,36071,12771,7/25/07
Orange,36,71,36071,12584,7/25/07
Orange,36,71,36071,12721,7/25/07
Orange,36,71,36071,10973,7/25/07
Orange,36,71,36071,10987,7/25/07
Orange,36,71,36071,10981,7/25/07
Orange,36,71,36071,12555,7/25/07
Orange,36,71,36071,12746,7/25/07
Orange,36,71,36071,12586,7/25/07
Orange,36,71,36071,10988,7/25/07
Orange,36,71,36071,10969,7/25/07
Orange,36,71,36071,12589,7/25/07
Oswego,36,75,36075,13145,7/25/07
Orleans,36,73,36073,14105,7/25/07
Oswego,36,75,36075,13131,7/25/07
Oswego,36,75,36075,13115,7/25/07
Orleans,36,73,36073,14103,7/25/07
Orleans,36,73,36073,14477,7/25/07
Orleans,36,73,36073,14422,7/25/07
Oswego,36,75,36075,13135,7/25/07
Orleans,36,73,36073,14098,7/25/07
Oswego,36,75,36075,13132,7/25/07
Oswego,36,75,36075,13107,7/25/07
Oswego,36,75,36075,13076,7/25/07
Oswego,36,75,36075,13044,7/25/07
Orleans,36,73,36073,14416,7/25/07
Orleans,36,73,36073,14411,7/25/07
Oswego,36,75,36075,13036,7/25/07
Oswego,36,75,36075,13083,7/25/07
Oswego,36,75,36075,13074,7/25/07
Oswego,36,75,36075,13661,7/25/07
Otsego,36,77,36077,13348,7/25/07
Otsego,36,77,36077,13315,7/25/07
Otsego,36,77,36077,13482,7/25/07
Otsego,36,77,36077,13333,7/25/07
Otsego,36,77,36077,12064,7/25/07
Otsego,36,77,36077,13342,7/25/07
Otsego,36,77,36077,12116,7/25/07
Otsego,36,77,36077,13335,7/25/07
Otsego,36,77,36077,13747,7/25/07
Oswego,36,75,36075,13167,7/25/07
Otsego,36,77,36077,12149,7/25/07
Otsego,36,77,36077,13457,7/25/07
Otsego,36,77,36077,13468,7/25/07
Oswego,36,75,36075,13302,7/25/07
Otsego,36,77,36077,13488,7/25/07
Otsego,36,77,36077,13415,7/25/07
Otsego,36,77,36077,12036,7/25/07
Otsego,36,77,36077,13776,7/25/07
Putnam,36,79,36079,10537,7/25/07
Queens,36,81,36081,11102,7/25/07
Otsego,36,77,36077,13859,7/25/07
Otsego,36,77,36077,13796,7/25/07
Otsego,36,77,36077,13820,7/25/07
Otsego,36,77,36077,13808,7/25/07
Otsego,36,77,36077,13810,7/25/07
Putnam,36,79,36079,10524,7/25/07
Otsego,36,77,36077,13861,7/25/07
Queens,36,81,36081,11004,7/25/07
Putnam,36,79,36079,10542,7/25/07
Putnam,36,79,36079,10512,7/25/07
Putnam,36,79,36079,10516,7/25/07
Otsego,36,77,36077,13809,7/25/07
Putnam,36,79,36079,12524,7/25/07
Queens,36,81,36081,11040,7/25/07
Putnam,36,79,36079,12582,7/25/07
Otsego,36,77,36077,13843,7/25/07
Queens,36,81,36081,11354,7/25/07
Queens,36,81,36081,11239,7/25/07
Queens,36,81,36081,11358,7/25/07
Queens,36,81,36081,11360,7/25/07
Queens,36,81,36081,11364,7/25/07
Queens,36,81,36081,11380,7/25/07
Queens,36,81,36081,11386,7/25/07
Queens,36,81,36081,11106,7/25/07
Queens,36,81,36081,11351,7/25/07
Queens,36,81,36081,11355,7/25/07
Queens,36,81,36081,11363,7/25/07
Queens,36,81,36081,11366,7/25/07
Queens,36,81,36081,11356,7/25/07
Queens,36,81,36081,11385,7/25/07
Queens,36,81,36081,11373,7/25/07
Queens,36,81,36081,11359,7/25/07
Queens,36,81,36081,11377,7/25/07
Queens,36,81,36081,11370,7/25/07
Queens,36,81,36081,11371,7/25/07
Queens,36,81,36081,11421,7/25/07
Queens,36,81,36081,11425,7/25/07
Queens,36,81,36081,11432,7/25/07
Queens,36,81,36081,11411,7/25/07
Queens,36,81,36081,11690,7/25/07
Queens,36,81,36081,11424,7/25/07
Queens,36,81,36081,11417,7/25/07
Queens,36,81,36081,11434,7/25/07
Queens,36,81,36081,11430,7/25/07
Queens,36,81,36081,11427,7/25/07
Queens,36,81,36081,11439,7/25/07
Queens,36,81,36081,11692,7/25/07
Queens,36,81,36081,11431,7/25/07
Queens,36,81,36081,11426,7/25/07
Queens,36,81,36081,11694,7/25/07
Queens,36,81,36081,11580,7/25/07
Queens,36,81,36081,11416,7/25/07
Rensselaer,36,83,36083,12118,7/25/07
Rensselaer,36,83,36083,12133,7/25/07
Rensselaer,36,83,36083,12184,7/25/07
Rensselaer,36,83,36083,12052,7/25/07
Rensselaer,36,83,36083,12121,7/25/07
Rensselaer,36,83,36083,12198,7/25/07
Rensselaer,36,83,36083,12196,7/25/07
Rensselaer,36,83,36083,12123,7/25/07
Rensselaer,36,83,36083,12168,7/25/07
Queens,36,81,36081,11697,7/25/07
Rensselaer,36,83,36083,12063,7/25/07
Rensselaer,36,83,36083,12089,7/25/07
Rensselaer,36,83,36083,12028,7/25/07
Rensselaer,36,83,36083,12018,7/25/07
Rensselaer,36,83,36083,12022,7/25/07
Rensselaer,36,83,36083,12154,7/25/07
Rensselaer,36,83,36083,12156,7/25/07
Rensselaer,36,83,36083,12094,7/25/07
Rensselaer,36,83,36083,12140,7/25/07
Rensselaer,36,83,36083,12144,7/25/07
Rockland,36,87,36087,10976,7/25/07
Richmond,36,85,36085,10302,7/25/07
Rockland,36,87,36087,10964,7/25/07
Rockland,36,87,36087,10901,7/25/07
Richmond,36,85,36085,10306,7/25/07
Rockland,36,87,36087,10920,7/25/07
Rockland,36,87,36087,10977,7/25/07
Rockland,36,87,36087,10927,7/25/07
Rockland,36,87,36087,10982,7/25/07
Rockland,36,87,36087,10974,7/25/07
Richmond,36,85,36085,10305,7/25/07
Rockland,36,87,36087,10952,7/25/07
Richmond,36,85,36085,10314,7/25/07
Rockland,36,87,36087,10931,7/25/07
Rockland,36,87,36087,10954,7/25/07
Richmond,36,85,36085,10304,7/25/07
Richmond,36,85,36085,10313,7/25/07
Rockland,36,87,36087,10968,7/25/07
Rockland,36,87,36087,10980,7/25/07
Schenectady,36,93,36093,12009,7/25/07
Saratoga,36,91,36091,12822,7/25/07
Saratoga,36,91,36091,12302,7/25/07
Schenectady,36,93,36093,12019,7/25/07
Saratoga,36,91,36091,12884,7/25/07
Saratoga,36,91,36091,12835,7/25/07
Saratoga,36,91,36091,12148,7/25/07
Saratoga,36,91,36091,12831,7/25/07
Saratoga,36,91,36091,12863,7/25/07
Rockland,36,87,36087,10987,7/25/07
Saratoga,36,91,36091,12828,7/25/07
Saratoga,36,91,36091,12019,7/25/07
Saratoga,36,91,36091,12025,7/25/07
Schenectady,36,93,36093,12027,7/25/07
Rockland,36,87,36087,10989,7/25/07
Saratoga,36,91,36091,12850,7/25/07
Saratoga,36,91,36091,12074,7/25/07
Saratoga,36,91,36091,12065,7/25/07
Saratoga,36,91,36091,12010,7/25/07
Rockland,36,87,36087,10994,7/25/07
Schoharie,36,95,36095,12031,7/25/07
Schenectady,36,93,36093,12157,7/25/07
Schenectady,36,93,36093,12302,7/25/07
Schoharie,36,95,36095,12066,7/25/07
Schenectady,36,93,36093,12308,7/25/07
Schenectady,36,93,36093,12301,7/25/07
Schenectady,36,93,36093,12056,7/25/07
Schenectady,36,93,36093,12137,7/25/07
Schenectady,36,93,36093,12345,7/25/07
Schoharie,36,95,36095,12131,7/25/07
Schoharie,36,95,36095,12036,7/25/07
Schoharie,36,95,36095,12023,7/25/07
Schoharie,36,95,36095,12064,7/25/07
Schoharie,36,95,36095,12035,7/25/07
Schenectady,36,93,36093,12305,7/25/07
Schoharie,36,95,36095,12053,7/25/07
Schoharie,36,95,36095,12073,7/25/07
Schenectady,36,93,36093,12141,7/25/07
Schoharie,36,95,36095,12157,7/25/07
Schoharie,36,95,36095,12092,7/25/07
Schuyler,36,97,36097,14893,7/25/07
Schuyler,36,97,36097,14886,7/25/07
Schuyler,36,97,36097,14805,7/25/07
Schuyler,36,97,36097,14824,7/25/07
Schoharie,36,95,36095,13459,7/25/07
Schuyler,36,97,36097,14815,7/25/07
Schuyler,36,97,36097,14863,7/25/07
Schoharie,36,95,36095,12167,7/25/07
Schuyler,36,97,36097,14845,7/25/07
Seneca,36,99,36099,13148,7/25/07
Schoharie,36,95,36095,12187,7/25/07
Schuyler,36,97,36097,14841,7/25/07
Schuyler,36,97,36097,14878,7/25/07
Seneca,36,99,36099,13165,7/25/07
Schuyler,36,97,36097,14837,7/25/07
Schuyler,36,97,36097,14864,7/25/07
Schuyler,36,97,36097,14891,7/25/07
Schoharie,36,95,36095,12469,7/25/07
Schuyler,36,97,36097,14840,7/25/07
St. Lawrence,36,89,36089,13617,7/25/07
St. Lawrence,36,89,36089,13639,7/25/07
Seneca,36,99,36099,14541,7/25/07
Seneca,36,99,36099,14860,7/25/07
St. Lawrence,36,89,36089,13623,7/25/07
St. Lawrence,36,89,36089,13642,7/25/07
St. Lawrence,36,89,36089,12927,7/25/07
St. Lawrence,36,89,36089,13630,7/25/07
Seneca,36,99,36099,14532,7/25/07
St. Lawrence,36,89,36089,12980,7/25/07
St. Lawrence,36,89,36089,12949,7/25/07
St. Lawrence,36,89,36089,12922,7/25/07
Seneca,36,99,36099,14886,7/25/07
St. Lawrence,36,89,36089,12930,7/25/07
St. Lawrence,36,89,36089,13635,7/25/07
Seneca,36,99,36099,14588,7/25/07
St. Lawrence,36,89,36089,13633,7/25/07
St. Lawrence,36,89,36089,13647,7/25/07
St. Lawrence,36,89,36089,12967,7/25/07
St. Lawrence,36,89,36089,13608,7/25/07
St. Lawrence,36,89,36089,12914,7/25/07
St. Lawrence,36,89,36089,13679,7/25/07
Steuben,36,101,36101,14803,7/25/07
Steuben,36,101,36101,14512,7/25/07
St. Lawrence,36,89,36089,13680,7/25/07
St. Lawrence,36,89,36089,13662,7/25/07
Steuben,36,101,36101,14801,7/25/07
St. Lawrence,36,89,36089,13694,7/25/07
St. Lawrence,36,89,36089,13696,7/25/07
St. Lawrence,36,89,36089,13684,7/25/07
St. Lawrence,36,89,36089,13669,7/25/07
St. Lawrence,36,89,36089,13681,7/25/07
St. Lawrence,36,89,36089,13658,7/25/07
St. Lawrence,36,89,36089,13666,7/25/07
Steuben,36,101,36101,14437,7/25/07
St. Lawrence,36,89,36089,13672,7/25/07
St. Lawrence,36,89,36089,13667,7/25/07
St. Lawrence,36,89,36089,13677,7/25/07
St. Lawrence,36,89,36089,13687,7/25/07
St. Lawrence,36,89,36089,13664,7/25/07
St. Lawrence,36,89,36089,13668,7/25/07
Suffolk,36,103,36103,11701,7/25/07
Steuben,36,101,36101,14898,7/25/07
Suffolk,36,103,36103,544,7/25/07
Steuben,36,101,36101,14821,7/25/07
Steuben,36,101,36101,14815,7/25/07
Steuben,36,101,36101,14826,7/25/07
Steuben,36,101,36101,14839,7/25/07
Steuben,36,101,36101,14879,7/25/07
Steuben,36,101,36101,14843,7/25/07
Steuben,36,101,36101,14877,7/25/07
Steuben,36,101,36101,14856,7/25/07
Suffolk,36,103,36103,501,7/25/07
Steuben,36,101,36101,14858,7/25/07
Steuben,36,101,36101,14871,7/25/07
Steuben,36,101,36101,14808,7/25/07
Steuben,36,101,36101,14809,7/25/07
Suffolk,36,103,36103,6390,7/25/07
Suffolk,36,103,36103,11737,7/25/07
Suffolk,36,103,36103,11719,7/25/07
Suffolk,36,103,36103,11717,7/25/07
Suffolk,36,103,36103,11705,7/25/07
Suffolk,36,103,36103,11715,7/25/07
Suffolk,36,103,36103,11707,7/25/07
Suffolk,36,103,36103,11730,7/25/07
Suffolk,36,103,36103,11731,7/25/07
Suffolk,36,103,36103,11739,7/25/07
Suffolk,36,103,36103,11704,7/25/07
Suffolk,36,103,36103,11725,7/25/07
Suffolk,36,103,36103,11706,7/25/07
Suffolk,36,103,36103,11716,7/25/07
Suffolk,36,103,36103,11740,7/25/07
Suffolk,36,103,36103,11751,7/25/07
Suffolk,36,103,36103,11750,7/25/07
Suffolk,36,103,36103,11735,7/25/07
Suffolk,36,103,36103,11738,7/25/07
Suffolk,36,103,36103,11741,7/25/07
Suffolk,36,103,36103,11729,7/25/07
Suffolk,36,103,36103,11776,7/25/07
Suffolk,36,103,36103,11767,7/25/07
Suffolk,36,103,36103,11763,7/25/07
Suffolk,36,103,36103,11770,7/25/07
Suffolk,36,103,36103,11784,7/25/07
Suffolk,36,103,36103,11794,7/25/07
Suffolk,36,103,36103,11796,7/25/07
Suffolk,36,103,36103,11777,7/25/07
Suffolk,36,103,36103,11792,7/25/07
Suffolk,36,103,36103,11758,7/25/07
Suffolk,36,103,36103,11787,7/25/07
Suffolk,36,103,36103,11930,7/25/07
Suffolk,36,103,36103,11757,7/25/07
Suffolk,36,103,36103,11933,7/25/07
Suffolk,36,103,36103,11755,7/25/07
Suffolk,36,103,36103,11780,7/25/07
Suffolk,36,103,36103,11788,7/25/07
Suffolk,36,103,36103,11775,7/25/07
Suffolk,36,103,36103,11778,7/25/07
Suffolk,36,103,36103,11766,7/25/07
Suffolk,36,103,36103,11952,7/25/07
Suffolk,36,103,36103,11968,7/25/07
Suffolk,36,103,36103,11949,7/25/07
Suffolk,36,103,36103,11976,7/25/07
Suffolk,36,103,36103,11975,7/25/07
Suffolk,36,103,36103,11960,7/25/07
Suffolk,36,103,36103,11948,7/25/07
Suffolk,36,103,36103,11946,7/25/07
Suffolk,36,103,36103,11969,7/25/07
Suffolk,36,103,36103,11955,7/25/07
Suffolk,36,103,36103,11947,7/25/07
Suffolk,36,103,36103,11941,7/25/07
Suffolk,36,103,36103,11959,7/25/07
Suffolk,36,103,36103,11972,7/25/07
Suffolk,36,103,36103,11962,7/25/07
Suffolk,36,103,36103,11963,7/25/07
Suffolk,36,103,36103,11961,7/25/07
Suffolk,36,103,36103,11958,7/25/07
Sullivan,36,105,36105,12722,7/25/07
Sullivan,36,105,36105,12747,7/25/07
Sullivan,36,105,36105,12741,7/25/07
Sullivan,36,105,36105,12740,7/25/07
Sullivan,36,105,36105,12726,7/25/07
Sullivan,36,105,36105,12751,7/25/07
Sullivan,36,105,36105,12738,7/25/07
Sullivan,36,105,36105,12719,7/25/07
Sullivan,36,105,36105,12701,7/25/07
Sullivan,36,105,36105,12566,7/25/07
Sullivan,36,105,36105,12732,7/25/07
Sullivan,36,105,36105,12758,7/25/07
Sullivan,36,105,36105,12752,7/25/07
Sullivan,36,105,36105,12759,7/25/07
Sullivan,36,105,36105,12720,7/25/07
Sullivan,36,105,36105,12724,7/25/07
Sullivan,36,105,36105,12737,7/25/07
Suffolk,36,103,36103,11980,7/25/07
Sullivan,36,105,36105,12748,7/25/07
Sullivan,36,105,36105,12745,7/25/07
Sullivan,36,105,36105,12729,7/25/07
Sullivan,36,105,36105,12765,7/25/07
Sullivan,36,105,36105,12778,7/25/07
Sullivan,36,105,36105,12770,7/25/07
Tioga,36,107,36107,13812,7/25/07
Sullivan,36,105,36105,12763,7/25/07
Sullivan,36,105,36105,12768,7/25/07
Sullivan,36,105,36105,12784,7/25/07
Sullivan,36,105,36105,12786,7/25/07
Tioga,36,107,36107,13864,7/25/07
Sullivan,36,105,36105,12792,7/25/07
Sullivan,36,105,36105,12780,7/25/07
Tioga,36,107,36107,13840,7/25/07
Sullivan,36,105,36105,12779,7/25/07
Sullivan,36,105,36105,12769,7/25/07
Tioga,36,107,36107,13734,7/25/07
Sullivan,36,105,36105,12762,7/25/07
Sullivan,36,105,36105,12783,7/25/07
Sullivan,36,105,36105,12766,7/25/07
Sullivan,36,105,36105,12776,7/25/07
Tompkins,36,109,36109,13045,7/25/07
Ulster,36,111,36111,12414,7/25/07
Tompkins,36,109,36109,14854,7/25/07
Tompkins,36,109,36109,13736,7/25/07
Tompkins,36,109,36109,13068,7/25/07
Tompkins,36,109,36109,14883,7/25/07
Tioga,36,107,36107,14817,7/25/07
Tompkins,36,109,36109,14851,7/25/07
Tompkins,36,109,36109,14882,7/25/07
Ulster,36,111,36111,12419,7/25/07
Tioga,36,107,36107,14889,7/25/07
Tompkins,36,109,36109,14853,7/25/07
Tompkins,36,109,36109,13864,7/25/07
Tompkins,36,109,36109,14886,7/25/07
Ulster,36,111,36111,12402,7/25/07
Tompkins,36,109,36109,13092,7/25/07
Tioga,36,107,36107,14883,7/25/07
Tompkins,36,109,36109,14850,7/25/07
Ulster,36,111,36111,12410,7/25/07
Tompkins,36,109,36109,14817,7/25/07
Tompkins,36,109,36109,13053,7/25/07
Ulster,36,111,36111,12409,7/25/07
Ulster,36,111,36111,12475,7/25/07
Ulster,36,111,36111,12491,7/25/07
Ulster,36,111,36111,12481,7/25/07
Ulster,36,111,36111,12489,7/25/07
Ulster,36,111,36111,12443,7/25/07
Ulster,36,111,36111,12463,7/25/07
Ulster,36,111,36111,12480,7/25/07
Ulster,36,111,36111,12483,7/25/07
Ulster,36,111,36111,12429,7/25/07
Ulster,36,111,36111,12435,7/25/07
Ulster,36,111,36111,12441,7/25/07
Ulster,36,111,36111,12494,7/25/07
Ulster,36,111,36111,12420,7/25/07
Ulster,36,111,36111,12472,7/25/07
Ulster,36,111,36111,12428,7/25/07
Ulster,36,111,36111,12471,7/25/07
Ulster,36,111,36111,12461,7/25/07
Ulster,36,111,36111,12448,7/25/07
Ulster,36,111,36111,12432,7/25/07
Ulster,36,111,36111,12433,7/25/07
Ulster,36,111,36111,12490,7/25/07
Ulster,36,111,36111,12487,7/25/07
Ulster,36,111,36111,12566,7/25/07
Warren,36,113,36113,12810,7/25/07
Warren,36,113,36113,12808,7/25/07
Ulster,36,111,36111,12548,7/25/07
Ulster,36,111,36111,12758,7/25/07
Ulster,36,111,36111,12740,7/25/07
Warren,36,113,36113,12811,7/25/07
Warren,36,113,36113,12839,7/25/07
Warren,36,113,36113,12845,7/25/07
Ulster,36,111,36111,12547,7/25/07
Ulster,36,111,36111,12725,7/25/07
Warren,36,113,36113,12835,7/25/07
Warren,36,113,36113,12814,7/25/07
Warren,36,113,36113,12815,7/25/07
Warren,36,113,36113,12804,7/25/07
Warren,36,113,36113,12846,7/25/07
Ulster,36,111,36111,12498,7/25/07
Warren,36,113,36113,12836,7/25/07
Ulster,36,111,36111,12561,7/25/07
Warren,36,113,36113,12844,7/25/07
Warren,36,113,36113,12857,7/25/07
Warren,36,113,36113,12843,7/25/07
Washington,36,115,36115,12819,7/25/07
Washington,36,115,36115,12816,7/25/07
Wayne,36,117,36117,13143,7/25/07
Washington,36,115,36115,12804,7/25/07
Warren,36,113,36113,12874,7/25/07
Washington,36,115,36115,12887,7/25/07
Warren,36,113,36113,12878,7/25/07
Washington,36,115,36115,12828,7/25/07
Washington,36,115,36115,12185,7/25/07
Warren,36,113,36113,12860,7/25/07
Washington,36,115,36115,12057,7/25/07
Washington,36,115,36115,12827,7/25/07
Washington,36,115,36115,12823,7/25/07
Washington,36,115,36115,12848,7/25/07
Warren,36,113,36113,12862,7/25/07
Washington,36,115,36115,12841,7/25/07
Wayne,36,117,36117,14520,7/25/07
Westchester,36,119,36119,10501,7/25/07
Wayne,36,117,36117,13148,7/25/07
Wayne,36,117,36117,14513,7/25/07
Wayne,36,117,36117,14522,7/25/07
Wayne,36,117,36117,14551,7/25/07
Wayne,36,117,36117,14538,7/25/07
Westchester,36,119,36119,10503,7/25/07
Westchester,36,119,36119,10507,7/25/07
Westchester,36,119,36119,10506,7/25/07
Wayne,36,117,36117,14505,7/25/07
Wayne,36,117,36117,13154,7/25/07
Wayne,36,117,36117,14542,7/25/07
Wayne,36,117,36117,14489,7/25/07
Wayne,36,117,36117,14502,7/25/07
Wayne,36,117,36117,14590,7/25/07
Wayne,36,117,36117,14568,7/25/07
Wayne,36,117,36117,14413,7/25/07
Westchester,36,119,36119,10470,7/25/07
Wayne,36,117,36117,14516,7/25/07
Westchester,36,119,36119,10560,7/25/07
Westchester,36,119,36119,10558,7/25/07
Westchester,36,119,36119,10535,7/25/07
Westchester,36,119,36119,10511,7/25/07
Westchester,36,119,36119,10557,7/25/07
Westchester,36,119,36119,10549,7/25/07
Westchester,36,119,36119,10546,7/25/07
Westchester,36,119,36119,10514,7/25/07
Westchester,36,119,36119,10519,7/25/07
Westchester,36,119,36119,10518,7/25/07
Westchester,36,119,36119,10548,7/25/07
Westchester,36,119,36119,10536,7/25/07
Westchester,36,119,36119,10523,7/25/07
Westchester,36,119,36119,10530,7/25/07
Westchester,36,119,36119,10528,7/25/07
Westchester,36,119,36119,10527,7/25/07
Westchester,36,119,36119,10540,7/25/07
Westchester,36,119,36119,10551,7/25/07
Westchester,36,119,36119,10532,7/25/07
Westchester,36,119,36119,10538,7/25/07
Westchester,36,119,36119,10703,7/25/07
Westchester,36,119,36119,10598,7/25/07
Westchester,36,119,36119,10578,7/25/07
Westchester,36,119,36119,10583,7/25/07
Westchester,36,119,36119,10601,7/25/07
Westchester,36,119,36119,10590,7/25/07
Westchester,36,119,36119,10704,7/25/07
Westchester,36,119,36119,10597,7/25/07
Westchester,36,119,36119,10570,7/25/07
Westchester,36,119,36119,10566,7/25/07
Westchester,36,119,36119,10588,7/25/07
Westchester,36,119,36119,10702,7/25/07
Westchester,36,119,36119,10596,7/25/07
Westchester,36,119,36119,10587,7/25/07
Westchester,36,119,36119,10591,7/25/07
Westchester,36,119,36119,10605,7/25/07
Westchester,36,119,36119,10606,7/25/07
Wyoming,36,121,36121,14082,7/25/07
Wyoming,36,121,36121,14011,7/25/07
Wyoming,36,121,36121,14004,7/25/07
Wyoming,36,121,36121,14040,7/25/07
Wyoming,36,121,36121,14569,7/25/07
Wyoming,36,121,36121,14591,7/25/07
Westchester,36,119,36119,10705,7/25/07
Westchester,36,119,36119,10709,7/25/07
Wyoming,36,121,36121,14009,7/25/07
Wyoming,36,121,36121,14549,7/25/07
Wyoming,36,121,36121,14039,7/25/07
Wyoming,36,121,36121,14113,7/25/07
Wyoming,36,121,36121,14054,7/25/07
Wyoming,36,121,36121,14536,7/25/07
Wyoming,36,121,36121,14525,7/25/07
Wyoming,36,121,36121,14083,7/25/07
Westchester,36,119,36119,10708,7/25/07
Westchester,36,119,36119,10803,7/25/07
Westchester,36,119,36119,10804,7/25/07
Wyoming,36,121,36121,14024,7/25/07
Westchester,36,119,36119,10710,7/25/07
Livingston,36,51,36051,14517,7/25/07
Bronx,36,5,36005,10461,7/25/07
Otsego,36,77,36077,13450,7/25/07
Chenango,36,17,36017,13040,7/25/07
Allegany,36,3,36003,14777,7/25/07
New York,36,61,36061,10039,7/25/07
New York,36,61,36061,10170,7/25/07
Suffolk,36,103,36103,11971,7/25/07
Chautauqua,36,13,36013,14742,7/25/07
Westchester,36,119,36119,10505,7/25/07
Tompkins,36,109,36109,13073,7/25/07
Ontario,36,69,36069,14424,7/25/07
Nassau,36,59,36059,11050,7/25/07
Ulster,36,111,36111,12477,7/25/07
St. Lawrence,36,89,36089,13699,7/25/07
Madison,36,53,36053,13314,7/25/07
Chenango,36,17,36017,13730,7/25/07
Cayuga,36,11,36011,13092,7/25/07
Delaware,36,25,36025,12430,7/25/07
Yates,36,123,36123,14456,7/25/07
Yates,36,123,36123,14527,7/25/07
Yates,36,123,36123,14507,7/25/07
Yates,36,123,36123,14878,7/25/07
Wyoming,36,121,36121,14735,7/25/07
Yates,36,123,36123,14857,7/25/07
Yates,36,123,36123,14512,7/25/07
Yates,36,123,36123,14561,7/25/07
Oneida,36,65,36065,13431,7/25/07
Onondaga,36,67,36067,13210,7/25/07
Lewis,36,49,36049,13343,7/25/07
Broome,36,7,36007,13763,7/25/07
Chemung,36,15,36015,14814,7/25/07
Ulster,36,111,36111,12453,7/25/07
Franklin,36,33,36033,12995,7/25/07
Erie,36,29,36029,14206,7/25/07
Essex,36,31,36031,12912,7/25/07
Steuben,36,101,36101,14529,7/25/07
Jefferson,36,45,36045,13624,7/25/07
Schuyler,36,97,36097,14889,7/25/07
Ulster,36,111,36111,12515,7/25/07
Lewis,36,49,36049,13312,7/25/07
Delaware,36,25,36025,13754,7/25/07
Putnam,36,79,36079,10541,7/25/07
Monroe,36,55,36055,14620,7/25/07
Kings,36,47,36047,11236,7/25/07
Sullivan,36,105,36105,12754,7/25/07
Clinton,36,19,36019,12901,7/25/07
Nassau,36,59,36059,11753,7/25/07
Allegany,36,3,36003,14727,7/25/07
Saratoga,36,91,36091,12170,7/25/07
Wayne,36,117,36117,14450,7/25/07
Monroe,36,55,36055,14617,7/25/07
Richmond,36,85,36085,10311,7/25/07
Schoharie,36,95,36095,12194,7/25/07
Columbia,36,21,36021,12526,7/25/07
Erie,36,29,36029,14047,7/25/07
Broome,36,7,36007,13811,7/25/07
Montgomery,36,57,36057,12086,7/25/07
Nassau,36,59,36059,11565,7/25/07
Nassau,36,59,36059,11055,7/25/07
Cattaraugus,36,9,36009,14741,7/25/07
Warren,36,113,36113,12817,7/25/07
Orleans,36,73,36073,14125,7/25/07
Steuben,36,101,36101,14814,7/25/07
Schenectady,36,93,36093,12303,7/25/07
Niagara,36,63,36063,14108,7/25/07
Otsego,36,77,36077,13491,7/25/07
Nassau,36,59,36059,11020,7/25/07
Greene,36,39,36039,12431,7/25/07
Seneca,36,99,36099,14489,7/25/07
Schoharie,36,95,36095,12093,7/25/07
Rockland,36,87,36087,10965,7/25/07
Suffolk,36,103,36103,11768,7/25/07
Nassau,36,59,36059,11549,7/25/07
Nassau,36,59,36059,11051,7/25/07
Westchester,36,119,36119,10589,7/25/07
Suffolk,36,103,36103,11964,7/25/07
Franklin,36,33,36033,12980,7/25/07
Genesee,36,37,36037,14020,7/25/07
Livingston,36,51,36051,14481,7/25/07
Schenectady,36,93,36093,12150,7/25/07
Oneida,36,65,36065,13323,7/25/07
New York,36,61,36061,10025,7/25/07
Monroe,36,55,36055,14515,7/25/07
Essex,36,31,36031,12996,7/25/07
Erie,36,29,36029,14264,7/25/07
Chenango,36,17,36017,13832,7/25/07
St. Lawrence,36,89,36089,12965,7/25/07
Albany,36,1,36001,12260,7/25/07
Broome,36,7,36007,13761,7/25/07
New York,36,61,36061,10043,7/25/07
Ontario,36,69,36069,14485,7/25/07
Orleans,36,73,36073,14429,7/25/07
New York,36,61,36061,10108,7/25/07
Onondaga,36,67,36067,13203,7/25/07
Oneida,36,65,36065,13438,7/25/07
Delaware,36,25,36025,13775,7/25/07
Westchester,36,119,36119,10595,7/25/07
Saratoga,36,91,36091,12118,7/25/07
Rockland,36,87,36087,10911,7/25/07
Ulster,36,111,36111,12465,7/25/07
Seneca,36,99,36099,14456,7/25/07
Wayne,36,117,36117,14563,7/25/07
New York,36,61,36061,10032,7/25/07
Rockland,36,87,36087,10970,7/25/07
Chemung,36,15,36015,14824,7/25/07
Jefferson,36,45,36045,13682,7/25/07
Schuyler,36,97,36097,14865,7/25/07
Oneida,36,65,36065,13413,7/25/07
Queens,36,81,36081,11436,7/25/07
Queens,36,81,36081,11412,7/25/07
Suffolk,36,103,36103,11721,7/25/07
Westchester,36,119,36119,10547,7/25/07
Schuyler,36,97,36097,14812,7/25/07
Queens,36,81,36081,11005,7/25/07
Bronx,36,5,36005,10459,7/25/07
Schuyler,36,97,36097,14869,7/25/07
New York,36,61,36061,10261,7/25/07
Broome,36,7,36007,13797,7/25/07
Orleans,36,73,36073,14479,7/25/07
Fulton,36,35,36035,12086,7/25/07
Schenectady,36,93,36093,12325,7/25/07
Queens,36,81,36081,11101,7/25/07
Dutchess,36,27,36027,12546,7/25/07
Nassau,36,59,36059,11592,7/25/07
Chautauqua,36,13,36013,14702,7/25/07
Rockland,36,87,36087,10983,7/25/07
Otsego,36,77,36077,13317,7/25/07
Nassau,36,59,36059,11771,7/25/07
Erie,36,29,36029,14223,7/25/07
Queens,36,81,36081,11422,7/25/07
Clinton,36,19,36019,12934,7/25/07
Orange,36,71,36071,12575,7/25/07
Oswego,36,75,36075,13111,7/25/07
Greene,36,39,36039,12422,7/25/07
Essex,36,31,36031,12946,7/25/07
Cayuga,36,11,36011,13152,7/25/07
Onondaga,36,67,36067,13069,7/25/07
Franklin,36,33,36033,12986,7/25/07
Onondaga,36,67,36067,13202,7/25/07
Hamilton,36,41,36041,13436,7/25/07
Ulster,36,111,36111,12486,7/25/07
New York,36,61,36061,10036,7/25/07
Richmond,36,85,36085,10301,7/25/07
Jefferson,36,45,36045,13691,7/25/07
Suffolk,36,103,36103,11935,7/25/07
Chautauqua,36,13,36013,14738,7/25/07
Albany,36,1,36001,12059,7/25/07
St. Lawrence,36,89,36089,13690,7/25/07
Oswego,36,75,36075,13144,7/25/07
Nassau,36,59,36059,11802,7/25/07
New York,36,61,36061,10003,7/25/07
Bronx,36,5,36005,10452,7/25/07
Sullivan,36,105,36105,12775,7/25/07
Sullivan,36,105,36105,10940,7/25/07
Chemung,36,15,36015,14864,7/25/07
Chautauqua,36,13,36013,14063,7/25/07
Oneida,36,65,36065,13505,7/25/07
Madison,36,53,36053,13485,7/25/07
Orange,36,71,36071,10921,7/25/07
Jefferson,36,45,36045,13601,7/25/07
Monroe,36,55,36055,14664,7/25/07
Sullivan,36,105,36105,12743,7/25/07
Suffolk,36,103,36103,11749,7/25/07
Chenango,36,17,36017,13830,7/25/07
Chemung,36,15,36015,14825,7/25/07
Orleans,36,73,36073,14420,7/25/07
Monroe,36,55,36055,14607,7/25/07
Chautauqua,36,13,36013,14062,7/25/07
Westchester,36,119,36119,10533,7/25/07
Schuyler,36,97,36097,14887,7/25/07
Orange,36,71,36071,10992,7/25/07
Chautauqua,36,13,36013,14756,7/25/07
Nassau,36,59,36059,11569,7/25/07
Greene,36,39,36039,12087,7/25/07
Schuyler,36,97,36097,14876,7/25/07
Greene,36,39,36039,12143,7/25/07
Onondaga,36,67,36067,13206,7/25/07
Suffolk,36,103,36103,11977,7/25/07
Columbia,36,21,36021,12195,7/25/07
Allegany,36,3,36003,14717,7/25/07
New York,36,61,36061,10274,7/25/07
Dutchess,36,27,36027,12570,7/25/07
Herkimer,36,43,36043,13331,7/25/07
Westchester,36,119,36119,10520,7/25/07
Queens,36,81,36081,11361,7/25/07
Genesee,36,37,36037,14001,7/25/07
Suffolk,36,103,36103,11782,7/25/07
Greene,36,39,36039,12427,7/25/07
Steuben,36,101,36101,14807,7/25/07
Cattaraugus,36,9,36009,14729,7/25/07
Queens,36,81,36081,11418,7/25/07
Erie,36,29,36029,14209,7/25/07
Livingston,36,51,36051,14539,7/25/07
Sullivan,36,105,36105,12790,7/25/07
Allegany,36,3,36003,14024,7/25/07
Kings,36,47,36047,11210,7/25/07
Queens,36,81,36081,11429,7/25/07
New York,36,61,36061,10013,7/25/07
Rockland,36,87,36087,10913,7/25/07
Monroe,36,55,36055,14608,7/25/07
Schenectady,36,93,36093,12304,7/25/07
Kings,36,47,36047,11205,7/25/07
Ulster,36,111,36111,12401,7/25/07
Erie,36,29,36029,14280,7/25/07
Suffolk,36,103,36103,11901,7/25/07
Nassau,36,59,36059,11040,7/25/07
Rensselaer,36,83,36083,12057,7/25/07
Suffolk,36,103,36103,11733,7/25/07
Jefferson,36,45,36045,13603,7/25/07
Rockland,36,87,36087,10956,7/25/07
St. Lawrence,36,89,36089,13660,7/25/07
Orange,36,71,36071,10996,7/25/07
Suffolk,36,103,36103,11950,7/25/07
Saratoga,36,91,36091,12134,7/25/07
Oneida,36,65,36065,13340,7/25/07
Greene,36,39,36039,12423,7/25/07
Oneida,36,65,36065,13054,7/25/07
Rockland,36,87,36087,10986,7/25/07
Otsego,36,77,36077,13326,7/25/07
Bronx,36,5,36005,10465,7/25/07
Jefferson,36,45,36045,13615,7/25/07
Nassau,36,59,36059,11548,7/25/07
Suffolk,36,103,36103,11742,7/25/07
New York,36,61,36061,10126,7/25/07
Ontario,36,69,36069,14585,7/25/07
Suffolk,36,103,36103,11703,7/25/07
Onondaga,36,67,36067,13152,7/25/07
Cattaraugus,36,9,36009,14042,7/25/07
Suffolk,36,103,36103,11957,7/25/07
Kings,36,47,36047,11213,7/25/07
Cayuga,36,11,36011,13064,7/25/07
Dutchess,36,27,36027,12602,7/25/07
Otsego,36,77,36077,13485,7/25/07
Erie,36,29,36029,14057,7/25/07
Kings,36,47,36047,11209,7/25/07
Allegany,36,3,36003,14754,7/25/07
Delaware,36,25,36025,13806,7/25/07
Allegany,36,3,36003,14739,7/25/07
Onondaga,36,67,36067,13120,7/25/07
Orange,36,71,36071,12729,7/25/07
Suffolk,36,103,36103,11713,7/25/07
Suffolk,36,103,36103,11944,7/25/07
Queens,36,81,36081,11104,7/25/07
Cortland,36,23,36023,13045,7/25/07
Bronx,36,5,36005,10460,7/25/07
Queens,36,81,36081,11691,7/25/07
New York,36,61,36061,10030,7/25/07
Wyoming,36,121,36121,14066,7/25/07
Westchester,36,119,36119,10550,7/25/07
Otsego,36,77,36077,13834,7/25/07
Albany,36,1,36001,12067,7/25/07
Livingston,36,51,36051,14482,7/25/07
Columbia,36,21,36021,12184,7/25/07
Jefferson,36,45,36045,13638,7/25/07
Allegany,36,3,36003,14715,7/25/07
Schenectady,36,93,36093,12306,7/25/07
Jefferson,36,45,36045,13611,7/25/07
Chemung,36,15,36015,14872,7/25/07
Suffolk,36,103,36103,11954,7/25/07
Jefferson,36,45,36045,13631,7/25/07
Onondaga,36,67,36067,13122,7/25/07
Columbia,36,21,36021,12125,7/25/07
New York,36,61,36061,10047,7/25/07
Warren,36,113,36113,12853,7/25/07
Erie,36,29,36029,14226,7/25/07
Albany,36,1,36001,12250,7/25/07
New York,36,61,36061,10012,7/25/07
Westchester,36,119,36119,10522,7/25/07
Jefferson,36,45,36045,13656,7/25/07
Seneca,36,99,36099,14841,7/25/07
Delaware,36,25,36025,12776,7/25/07
Westchester,36,119,36119,10510,7/25/07
Orange,36,71,36071,10912,7/25/07
Ulster,36,111,36111,12589,7/25/07
Wayne,36,117,36117,14519,7/25/07
Rockland,36,87,36087,10923,7/25/07
Madison,36,53,36053,13477,7/25/07
Bronx,36,5,36005,10466,7/25/07
Ulster,36,111,36111,12446,7/25/07
Oneida,36,65,36065,13313,7/25/07
Onondaga,36,67,36067,13104,7/25/07
Kings,36,47,36047,11228,7/25/07
Tompkins,36,109,36109,14881,7/25/07
Rensselaer,36,83,36083,12082,7/25/07
Jefferson,36,45,36045,13673,7/25/07
New York,36,61,36061,10116,7/25/07
Steuben,36,101,36101,14855,7/25/07
Chautauqua,36,13,36013,14710,7/25/07
Onondaga,36,67,36067,13119,7/25/07
Otsego,36,77,36077,13825,7/25/07
Ulster,36,111,36111,12404,7/25/07
Ontario,36,69,36069,14432,7/25/07
Westchester,36,119,36119,10706,7/25/07
Jefferson,36,45,36045,13634,7/25/07
Delaware,36,25,36025,12434,7/25/07
Suffolk,36,103,36103,11939,7/25/07
Greene,36,39,36039,12482,7/25/07
Queens,36,81,36081,11375,7/25/07
Monroe,36,55,36055,14621,7/25/07
Queens,36,81,36081,11499,7/25/07
Chautauqua,36,13,36013,14718,7/25/07
Steuben,36,101,36101,14806,7/25/07
Albany,36,1,36001,12244,7/25/07
Herkimer,36,43,36043,13420,7/25/07
Erie,36,29,36029,14260,7/25/07
Bronx,36,5,36005,10473,7/25/07
New York,36,61,36061,10265,7/25/07
Sullivan,36,105,36105,12734,7/25/07
Tioga,36,107,36107,13743,7/25/07
Schenectady,36,93,36093,12008,7/25/07
Jefferson,36,45,36045,13636,7/25/07
Queens,36,81,36081,11381,7/25/07
New York,36,61,36061,10028,7/25/07
Livingston,36,51,36051,14472,7/25/07
Ulster,36,111,36111,12586,7/25/07
Steuben,36,101,36101,14831,7/25/07
Essex,36,31,36031,12997,7/25/07
Richmond,36,85,36085,10310,7/25/07
New York,36,61,36061,10041,7/25/07
Tioga,36,107,36107,13827,7/25/07
Ontario,36,69,36069,14461,7/25/07
St. Lawrence,36,89,36089,13648,7/25/07
Ulster,36,111,36111,12412,7/25/07
Queens,36,81,36081,11693,7/25/07
Cattaraugus,36,9,36009,14738,7/25/07
Chemung,36,15,36015,14925,7/25/07
Schuyler,36,97,36097,14838,7/25/07
St. Lawrence,36,89,36089,12957,7/25/07
Columbia,36,21,36021,12502,7/25/07
New York,36,61,36061,10123,7/25/07
Albany,36,1,36001,12223,7/25/07
Wyoming,36,121,36121,14167,7/25/07
Ulster,36,111,36111,12525,7/25/07
Queens,36,81,36081,11105,7/25/07
Monroe,36,55,36055,14586,7/25/07
Saratoga,36,91,36091,12859,7/25/07
Queens,36,81,36081,11372,7/25/07
Clinton,36,19,36019,12944,7/25/07
Albany,36,1,36001,12232,7/25/07
Westchester,36,119,36119,10552,7/25/07
Essex,36,31,36031,12911,7/25/07
Greene,36,39,36039,12418,7/25/07
Chemung,36,15,36015,14894,7/25/07
Albany,36,1,36001,12242,7/25/07
Rockland,36,87,36087,10960,7/25/07
Erie,36,29,36029,14075,7/25/07
Niagara,36,63,36063,14120,7/25/07
Bronx,36,5,36005,10471,7/25/07
Nassau,36,59,36059,11553,7/25/07
Onondaga,36,67,36067,13215,7/25/07
Ulster,36,111,36111,12763,7/25/07
Oswego,36,75,36075,13121,7/25/07
Lewis,36,49,36049,13626,7/25/07
Orange,36,71,36071,12577,7/25/07
Steuben,36,101,36101,14418,7/25/07
Tioga,36,107,36107,14892,7/25/07
Cortland,36,23,36023,13101,7/25/07
Westchester,36,119,36119,10576,7/25/07
Oneida,36,65,36065,13402,7/25/07
Onondaga,36,67,36067,13164,7/25/07
Schoharie,36,95,36095,12076,7/25/07
Dutchess,36,27,36027,12504,7/25/07
Cayuga,36,11,36011,13081,7/25/07
Queens,36,81,36081,11374,7/25/07
Lewis,36,49,36049,13473,7/25/07
Oneida,36,65,36065,13328,7/25/07
Columbia,36,21,36021,12567,7/25/07
New York,36,61,36061,10273,7/25/07
Suffolk,36,103,36103,11722,7/25/07
Monroe,36,55,36055,14420,7/25/07
Erie,36,29,36029,14010,7/25/07
Broome,36,7,36007,13787,7/25/07
Steuben,36,101,36101,14837,7/25/07
Monroe,36,55,36055,14603,7/25/07
Chautauqua,36,13,36013,14758,7/25/07
Erie,36,29,36029,14034,7/25/07
Oneida,36,65,36065,13322,7/25/07
Putnam,36,79,36079,10509,7/25/07
Jefferson,36,45,36045,13646,7/25/07
Greene,36,39,36039,12436,7/25/07
New York,36,61,36061,10197,7/25/07
Rensselaer,36,83,36083,12180,7/25/07
Essex,36,31,36031,12956,7/25/07
Westchester,36,119,36119,10543,7/25/07
Queens,36,81,36081,11414,7/25/07
Franklin,36,33,36033,12913,7/25/07
Dutchess,36,27,36027,12590,7/25/07
Orleans,36,73,36073,14452,7/25/07
Rockland,36,87,36087,10962,7/25/07
Oneida,36,65,36065,13476,7/25/07
Cortland,36,23,36023,13053,7/25/07
Suffolk,36,103,36103,11931,7/25/07
Oswego,36,75,36075,13126,7/25/07
Saratoga,36,91,36091,12833,7/25/07
Sullivan,36,105,36105,12428,7/25/07
Albany,36,1,36001,12007,7/25/07
Suffolk,36,103,36103,11932,7/25/07
Fulton,36,35,36035,12117,7/25/07
Sullivan,36,105,36105,12760,7/25/07
St. Lawrence,36,89,36089,13670,7/25/07
Allegany,36,3,36003,14836,7/25/07
Delaware,36,25,36025,13783,7/25/07
Rockland,36,87,36087,10984,7/25/07
Westchester,36,119,36119,10553,7/25/07
Dutchess,36,27,36027,12538,7/25/07
Jefferson,36,45,36045,13641,7/25/07
Westchester,36,119,36119,10517,7/25/07
Columbia,36,21,36021,12517,7/25/07
Richmond,36,85,36085,10307,7/25/07
Suffolk,36,103,36103,11956,7/25/07
Allegany,36,3,36003,14735,7/25/07
Allegany,36,3,36003,14745,7/25/07
Bronx,36,5,36005,10705,7/25/07
Schoharie,36,95,36095,12071,7/25/07
Cattaraugus,36,9,36009,14706,7/25/07
Dutchess,36,27,36027,10516,7/25/07
Ulster,36,111,36111,12466,7/25/07
Otsego,36,77,36077,13320,7/25/07
Oneida,36,65,36065,13123,7/25/07
Broome,36,7,36007,13794,7/25/07
Oneida,36,65,36065,13501,7/25/07
Nassau,36,59,36059,11577,7/25/07
Sullivan,36,105,36105,12791,7/25/07
Richmond,36,85,36085,10308,7/25/07
Erie,36,29,36029,14211,7/25/07
Queens,36,81,36081,11559,7/25/07
Rensselaer,36,83,36083,12181,7/25/07
Ulster,36,111,36111,12406,7/25/07
Chautauqua,36,13,36013,14752,7/25/07
Queens,36,81,36081,11109,7/25/07
St. Lawrence,36,89,36089,13676,7/25/07
Madison,36,53,36053,13052,7/25/07
Delaware,36,25,36025,12406,7/25/07
Erie,36,29,36029,14233,7/25/07
Onondaga,36,67,36067,13060,7/25/07
Jefferson,36,45,36045,13606,7/25/07
Ontario,36,69,36069,14472,7/25/07
Westchester,36,119,36119,10707,7/25/07
Cattaraugus,36,9,36009,14081,7/25/07
Otsego,36,77,36077,12043,7/25/07
New York,36,61,36061,10278,7/25/07
Allegany,36,3,36003,14714,7/25/07
Westchester,36,119,36119,10802,7/25/07
Erie,36,29,36029,14276,7/25/07
Westchester,36,119,36119,10604,7/25/07
Warren,36,113,36113,12856,7/25/07
Hamilton,36,41,36041,12190,7/25/07
Cattaraugus,36,9,36009,14726,7/25/07
Cattaraugus,36,9,36009,14138,7/25/07
Lewis,36,49,36049,13627,7/25/07
Greene,36,39,36039,12405,7/25/07
Cattaraugus,36,9,36009,14755,7/25/07
Rensselaer,36,83,36083,12169,7/25/07
Hamilton,36,41,36041,12847,7/25/07
Allegany,36,3,36003,14709,7/25/07
Queens,36,81,36081,11379,7/25/07
Chenango,36,17,36017,13815,7/25/07
Albany,36,1,36001,12186,7/25/07
Westchester,36,119,36119,10602,7/25/07
Albany,36,1,36001,12247,7/25/07
Bronx,36,5,36005,10451,7/25/07
Onondaga,36,67,36067,13037,7/25/07
Madison,36,53,36053,13355,7/25/07
Orange,36,71,36071,10916,7/25/07
New York,36,61,36061,10001,7/25/07
Suffolk,36,103,36103,11718,7/25/07
Westchester,36,119,36119,10579,7/25/07
Tompkins,36,109,36109,14852,7/25/07
Putnam,36,79,36079,12533,7/25/07
St. Lawrence,36,89,36089,13652,7/25/07
Clinton,36,19,36019,12919,7/25/07
Essex,36,31,36031,12944,7/25/07
Oneida,36,65,36065,13162,7/25/07
New York,36,61,36061,10125,7/25/07
Oneida,36,65,36065,13341,7/25/07
Jefferson,36,45,36045,13616,7/25/07
Erie,36,29,36029,14004,7/25/07
Orleans,36,73,36073,14470,7/25/07
Genesee,36,37,36037,14040,7/25/07
Lewis,36,49,36049,13404,7/25/07
Nassau,36,59,36059,11509,7/25/07
Madison,36,53,36053,13408,7/25/07
Fulton,36,35,36035,13454,7/25/07
Albany,36,1,36001,12235,7/25/07
Schenectady,36,93,36093,12307,7/25/07
Westchester,36,119,36119,10521,7/25/07
New York,36,61,36061,10040,7/25/07
Suffolk,36,103,36103,11790,7/25/07
Ontario,36,69,36069,14561,7/25/07
Tioga,36,107,36107,13760,7/25/07
Monroe,36,55,36055,14476,7/25/07
Clinton,36,19,36019,12935,7/25/07
Delaware,36,25,36025,13782,7/25/07
Dutchess,36,27,36027,12592,7/25/07
Madison,36,53,36053,13332,7/25/07
Orleans,36,73,36073,14476,7/25/07
Westchester,36,119,36119,10607,7/25/07
Suffolk,36,103,36103,11708,7/25/07
Nassau,36,59,36059,11571,7/25/07
Bronx,36,5,36005,10475,7/25/07
Orange,36,71,36071,10917,7/25/07
Schuyler,36,97,36097,14818,7/25/07
Herkimer,36,43,36043,13339,7/25/07
Oneida,36,65,36065,13308,7/25/07
Erie,36,29,36029,14052,7/25/07
Montgomery,36,57,36057,12177,7/25/07
Livingston,36,51,36051,14414,7/25/07
Livingston,36,51,36051,14480,7/25/07
Albany,36,1,36001,12128,7/25/07
Columbia,36,21,36021,12136,7/25/07
Broome,36,7,36007,13904,7/25/07
Schenectady,36,93,36093,12309,7/25/07
Albany,36,1,36001,12207,7/25/07
Clinton,36,19,36019,12978,7/25/07
Kings,36,47,36047,11232,7/25/07
Yates,36,123,36123,14478,7/25/07
Dutchess,36,27,36027,12524,7/25/07
Rensselaer,36,83,36083,12033,7/25/07
Erie,36,29,36029,14033,7/25/07
Cattaraugus,36,9,36009,14101,7/25/07
St. Lawrence,36,89,36089,13614,7/25/07
Jefferson,36,45,36045,13608,7/25/07
Wyoming,36,121,36121,14145,7/25/07
St. Lawrence,36,89,36089,13625,7/25/07
Albany,36,1,36001,12303,7/25/07
Wayne,36,117,36117,14564,7/25/07
Wyoming,36,121,36121,14130,7/25/07
New York,36,61,36061,10129,7/25/07
Erie,36,29,36029,14169,7/25/07
Rensselaer,36,83,36083,12182,7/25/07
Tioga,36,107,36107,13732,7/25/07
Bronx,36,5,36005,10470,7/25/07
Ulster,36,111,36111,12416,7/25/07
Sullivan,36,105,36105,12749,7/25/07
Westchester,36,119,36119,10524,7/25/07
Suffolk,36,103,36103,11978,7/25/07
Suffolk,36,103,36103,11726,7/25/07
Clinton,36,19,36019,12912,7/25/07
New York,36,61,36061,10138,7/25/07
Chautauqua,36,13,36013,14723,7/25/07
Suffolk,36,103,36103,11720,7/25/07
Herkimer,36,43,36043,13357,7/25/07
Allegany,36,3,36003,14803,7/25/07
Erie,36,29,36029,14210,7/25/07
Oneida,36,65,36065,13599,7/25/07
Rensselaer,36,83,36083,12062,7/25/07
Wayne,36,117,36117,14433,7/25/07
Westchester,36,119,36119,10610,7/25/07
Kings,36,47,36047,11222,7/25/07
Nassau,36,59,36059,11599,7/25/07
Onondaga,36,67,36067,13110,7/25/07
Livingston,36,51,36051,14846,7/25/07
Otsego,36,77,36077,13337,7/25/07
Sullivan,36,105,36105,12781,7/25/07
Wyoming,36,121,36121,14481,7/25/07
Westchester,36,119,36119,10537,7/25/07
Tioga,36,107,36107,13845,7/25/07
Rensselaer,36,83,36083,12061,7/25/07
Monroe,36,55,36055,14623,7/25/07
Franklin,36,33,36033,12970,7/25/07
Allegany,36,3,36003,14721,7/25/07
Clinton,36,19,36019,12923,7/25/07
Westchester,36,119,36119,10594,7/25/07
Bronx,36,5,36005,10455,7/25/07
Monroe,36,55,36055,14472,7/25/07
Queens,36,81,36081,11695,7/25/07
Sullivan,36,105,36105,12742,7/25/07
New York,36,61,36061,10155,7/25/07
Nassau,36,59,36059,11758,7/25/07
Jefferson,36,45,36045,13612,7/25/07
Greene,36,39,36039,12450,7/25/07
Warren,36,113,36113,12820,7/25/07
Livingston,36,51,36051,14462,7/25/07
Albany,36,1,36001,12209,7/25/07
Delaware,36,25,36025,12167,7/25/07
Chautauqua,36,13,36013,14787,7/25/07
Genesee,36,37,36037,14005,7/25/07
Clinton,36,19,36019,12985,7/25/07
Erie,36,29,36029,14035,7/25/07
Cayuga,36,11,36011,13024,7/25/07
Fulton,36,35,36035,13339,7/25/07
Chenango,36,17,36017,13332,7/25/07
Seneca,36,99,36099,14521,7/25/07
Kings,36,47,36047,11251,7/25/07
Westchester,36,119,36119,10545,7/25/07
Onondaga,36,67,36067,13252,7/25/07
Chemung,36,15,36015,14889,7/25/07
Cattaraugus,36,9,36009,14070,7/25/07
Columbia,36,21,36021,12544,7/25/07
Dutchess,36,27,36027,12510,7/25/07
Queens,36,81,36081,11413,7/25/07
Schoharie,36,95,36095,12122,7/25/07
Suffolk,36,103,36103,11769,7/25/07
Herkimer,36,43,36043,13472,7/25/07
Cayuga,36,11,36011,13074,7/25/07
Franklin,36,33,36033,12930,7/25/07
Dutchess,36,27,36027,12507,7/25/07
Broome,36,7,36007,13754,7/25/07
Jefferson,36,45,36045,13692,7/25/07
Orleans,36,73,36073,14571,7/25/07
Onondaga,36,67,36067,13214,7/25/07
Allegany,36,3,36003,14884,7/25/07
Chenango,36,17,36017,13841,7/25/07
Suffolk,36,103,36103,11795,7/25/07
Delaware,36,25,36025,12758,7/25/07
Lewis,36,49,36049,13648,7/25/07
Cattaraugus,36,9,36009,14009,7/25/07
Monroe,36,55,36055,14673,7/25/07
Madison,36,53,36053,13418,7/25/07
Orange,36,71,36071,10950,7/25/07
Montgomery,36,57,36057,12072,7/25/07
Jefferson,36,45,36045,13640,7/25/07
Ulster,36,111,36111,12588,7/25/07
Monroe,36,55,36055,14534,7/25/07
Tioga,36,107,36107,13811,7/25/07
Onondaga,36,67,36067,13166,7/25/07
Columbia,36,21,36021,12115,7/25/07
Herkimer,36,43,36043,13456,7/25/07
Schoharie,36,95,36095,13320,7/25/07
New York,36,61,36061,10018,7/25/07
Greene,36,39,36039,12424,7/25/07
Rockland,36,87,36087,10993,7/25/07
Allegany,36,3,36003,14843,7/25/07
New York,36,61,36061,10275,7/25/07
Albany,36,1,36001,12249,7/25/07
Rensselaer,36,83,36083,12153,7/25/07
New York,36,61,36061,10130,7/25/07
Schoharie,36,95,36095,12175,7/25/07
Onondaga,36,67,36067,13220,7/25/07
Genesee,36,37,36037,14143,7/25/07
Washington,36,115,36115,12844,7/25/07
Orleans,36,73,36073,14058,7/25/07
New York,36,61,36061,10033,7/25/07
Putnam,36,79,36079,12531,7/25/07
Broome,36,7,36007,13848,7/25/07
Sullivan,36,105,36105,12767,7/25/07
Onondaga,36,67,36067,13159,7/25/07
Tioga,36,107,36107,13736,7/25/07
New York,36,61,36061,10152,7/25/07
St. Lawrence,36,89,36089,13646,7/25/07
Steuben,36,101,36101,14572,7/25/07
Broome,36,7,36007,13748,7/25/07
Putnam,36,79,36079,12564,7/25/07
Queens,36,81,36081,11096,7/25/07
Monroe,36,55,36055,14468,7/25/07
Saratoga,36,91,36091,12151,7/25/07
Suffolk,36,103,36103,11789,7/25/07
Madison,36,53,36053,13043,7/25/07
St. Lawrence,36,89,36089,13613,7/25/07
Columbia,36,21,36021,12521,7/25/07
Nassau,36,59,36059,11815,7/25/07
Delaware,36,25,36025,12438,7/25/07
Suffolk,36,103,36103,11953,7/25/07
Tioga,36,107,36107,13835,7/25/07
Westchester,36,119,36119,10541,7/25/07
Madison,36,53,36053,13035,7/25/07
Orange,36,71,36071,12542,7/25/07
Nassau,36,59,36059,11804,7/25/07
Broome,36,7,36007,13865,7/25/07
Richmond,36,85,36085,10312,7/25/07
Ulster,36,111,36111,12458,7/25/07
Sullivan,36,105,36105,12764,7/25/07
Allegany,36,3,36003,14707,7/25/07
Washington,36,115,36115,12837,7/25/07
Columbia,36,21,36021,12173,7/25/07
Queens,36,81,36081,11368,7/25/07
Warren,36,113,36113,12824,7/25/07
Fulton,36,35,36035,12010,7/25/07
St. Lawrence,36,89,36089,13697,7/25/07
Ulster,36,111,36111,12456,7/25/07
Suffolk,36,103,36103,11786,7/25/07
Yates,36,123,36123,14441,7/25/07
Jefferson,36,45,36045,13145,7/25/07
Albany,36,1,36001,12228,7/25/07
Schoharie,36,95,36095,12166,7/25/07
Oneida,36,65,36065,13477,7/25/07
Allegany,36,3,36003,14846,7/25/07
Kings,36,47,36047,11204,7/25/07
Columbia,36,21,36021,12583,7/25/07
Ontario,36,69,36069,14564,7/25/07
Kings,36,47,36047,11241,7/25/07
Columbia,36,21,36021,12516,7/25/07
Wayne,36,117,36117,14580,7/25/07
Oneida,36,65,36065,13483,7/25/07
Essex,36,31,36031,12870,7/25/07
Lewis,36,49,36049,13316,7/25/07
Erie,36,29,36029,14145,7/25/07
Kings,36,47,36047,11206,7/25/07
Onondaga,36,67,36067,13078,7/25/07
Essex,36,31,36031,12941,7/25/07
New York,36,61,36061,10114,7/25/07
Queens,36,81,36081,11362,7/25/07
Montgomery,36,57,36057,13459,7/25/07
Rensselaer,36,83,36083,12185,7/25/07
Westchester,36,119,36119,10801,7/25/07
Orange,36,71,36071,12543,7/25/07
Suffolk,36,103,36103,11754,7/25/07
Chenango,36,17,36017,13460,7/25/07
Cattaraugus,36,9,36009,14173,7/25/07
Nassau,36,59,36059,11556,7/25/07
Albany,36,1,36001,12193,7/25/07
Clinton,36,19,36019,12918,7/25/07
Cayuga,36,11,36011,13027,7/25/07
Herkimer,36,43,36043,13439,7/25/07
New York,36,61,36061,10242,7/25/07
Erie,36,29,36029,14139,7/25/07
Kings,36,47,36047,11237,7/25/07
Madison,36,53,36053,13465,7/25/07
Westchester,36,119,36119,10526,7/25/07
New York,36,61,36061,10158,7/25/07
Albany,36,1,36001,12143,7/25/07
Rensselaer,36,83,36083,12090,7/25/07
Monroe,36,55,36055,14609,7/25/07
Schoharie,36,95,36095,12160,7/25/07
Clinton,36,19,36019,12910,7/25/07
Albany,36,1,36001,12120,7/25/07
Westchester,36,119,36119,10572,7/25/07
New York,36,61,36061,10081,7/25/07
Saratoga,36,91,36091,12803,7/25/07
Erie,36,29,36029,14001,7/25/07
Steuben,36,101,36101,14823,7/25/07
New York,36,61,36061,10168,7/25/07
Orange,36,71,36071,10914,7/25/07
Albany,36,1,36001,12212,7/25/07
New York,36,61,36061,10175,7/25/07
Saratoga,36,91,36091,12866,7/25/07
Steuben,36,101,36101,14873,7/25/07
Putnam,36,79,36079,10560,7/25/07
New York,36,61,36061,10021,7/25/07
Erie,36,29,36029,14151,7/25/07
Nassau,36,59,36059,11021,7/25/07
Cayuga,36,11,36011,13073,7/25/07
Washington,36,115,36115,12821,7/25/07
Columbia,36,21,36021,12529,7/25/07
Queens,36,81,36081,11405,7/25/07
Albany,36,1,36001,12158,7/25/07
Oswego,36,75,36075,13483,7/25/07
Kings,36,47,36047,11201,7/25/07
Chautauqua,36,13,36013,14048,7/25/07
Onondaga,36,67,36067,13251,7/25/07
Queens,36,81,36081,11415,7/25/07
Clinton,36,19,36019,12903,7/25/07
Cayuga,36,11,36011,13080,7/25/07
Suffolk,36,103,36103,11973,7/25/07
Ulster,36,111,36111,12411,7/25/07
Fulton,36,35,36035,12070,7/25/07
Chenango,36,17,36017,13464,7/25/07
Essex,36,31,36031,12936,7/25/07
Broome,36,7,36007,13901,7/25/07
Monroe,36,55,36055,14482,7/25/07
Suffolk,36,103,36103,11764,7/25/07
Suffolk,36,103,36103,11743,7/25/07
Tompkins,36,109,36109,13102,7/25/07
St. Lawrence,36,89,36089,13678,7/25/07
Westchester,36,119,36119,10502,7/25/07
Kings,36,47,36047,11245,7/25/07
St. Lawrence,36,89,36089,12986,7/25/07
New York,36,61,36061,10167,7/25/07
Clinton,36,19,36019,12929,7/25/07
Queens,36,81,36081,11367,7/25/07
Jefferson,36,45,36045,13650,7/25/07
Seneca,36,99,36099,13065,7/25/07
Otsego,36,77,36077,13838,7/25/07
Queens,36,81,36081,11369,7/25/07
Sullivan,36,105,36105,12725,7/25/07
St. Lawrence,36,89,36089,13621,7/25/07
Kings,36,47,36047,11226,7/25/07
Livingston,36,51,36051,14423,7/25/07
New York,36,61,36061,10031,7/25/07
St. Lawrence,36,89,36089,13654,7/25/07
Onondaga,36,67,36067,13244,7/25/07
Oneida,36,65,36065,13425,7/25/07
Schuyler,36,97,36097,14870,7/25/07
Suffolk,36,103,36103,11934,7/25/07
Monroe,36,55,36055,14613,7/25/07
Queens,36,81,36081,11433,7/25/07
Clinton,36,19,36019,12920,7/25/07
St. Lawrence,36,89,36089,13649,7/25/07
Clinton,36,19,36019,12911,7/25/07
Albany,36,1,36001,12047,7/25/07
Ulster,36,111,36111,12542,7/25/07
Kings,36,47,36047,11693,7/25/07
Orange,36,71,36071,12566,7/25/07
Chemung,36,15,36015,14838,7/25/07
Washington,36,115,36115,12839,7/25/07
Greene,36,39,36039,12015,7/25/07
Sullivan,36,105,36105,12736,7/25/07
Erie,36,29,36029,14013,7/25/07
Oswego,36,75,36075,13103,7/25/07
Genesee,36,37,36037,14416,7/25/07
Albany,36,1,36001,12206,7/25/07
Wyoming,36,121,36121,14037,7/25/07
Herkimer,36,43,36043,13470,7/25/07
Niagara,36,63,36063,14095,7/25/07
Nassau,36,59,36059,11732,7/25/07
Chautauqua,36,13,36013,14712,7/25/07
Schenectady,36,93,36093,12053,7/25/07
Erie,36,29,36029,14086,7/25/07
Chautauqua,36,13,36013,14781,7/25/07
Otsego,36,77,36077,13750,7/25/07
Warren,36,113,36113,12801,7/25/07
Oswego,36,75,36075,13069,7/25/07
Niagara,36,63,36063,14092,7/25/07
New York,36,61,36061,10104,7/25/07
Steuben,36,101,36101,14819,7/25/07
Orange,36,71,36071,10949,7/25/07
Bronx,36,5,36005,10458,7/25/07
Nassau,36,59,36059,11793,7/25/07
Onondaga,36,67,36067,13158,7/25/07
Westchester,36,119,36119,10509,7/25/07
Queens,36,81,36081,11352,7/25/07
Franklin,36,33,36033,12983,7/25/07
Nassau,36,59,36059,11783,7/25/07
Ontario,36,69,36069,14534,7/25/07
Ulster,36,111,36111,12493,7/25/07
Genesee,36,37,36037,14557,7/25/07
Oneida,36,65,36065,13461,7/25/07
Essex,36,31,36031,12943,7/25/07
Delaware,36,25,36025,13838,7/25/07
Orange,36,71,36071,12551,7/25/07
New York,36,61,36061,10109,7/25/07
Onondaga,36,67,36067,13066,7/25/07
Erie,36,29,36029,14273,7/25/07
Putnam,36,79,36079,10579,7/25/07
Erie,36,29,36029,14241,7/25/07
New York,36,61,36061,10185,7/25/07
Chenango,36,17,36017,13485,7/25/07
Ontario,36,69,36069,14453,7/25/07
Albany,36,1,36001,12107,7/25/07
Allegany,36,3,36003,14806,7/25/07
Broome,36,7,36007,13903,7/25/07
Schoharie,36,95,36095,12043,7/25/07
Lewis,36,49,36049,13368,7/25/07
Suffolk,36,103,36103,11798,7/25/07
Queens,36,81,36081,11103,7/25/07
Sullivan,36,105,36105,12777,7/25/07
Chemung,36,15,36015,14902,7/25/07
Madison,36,53,36053,13134,7/25/07
Cayuga,36,11,36011,13026,7/25/07
Erie,36,29,36029,14110,7/25/07
Orange,36,71,36071,12550,7/25/07
Greene,36,39,36039,12468,7/25/07
New York,36,61,36061,11201,7/25/07
Delaware,36,25,36025,13842,7/25/07
Dutchess,36,27,36027,12501,7/25/07
Queens,36,81,36081,11378,7/25/07
Nassau,36,59,36059,11566,7/25/07
Suffolk,36,103,36103,11951,7/25/07
Erie,36,29,36029,14201,7/25/07
Ontario,36,69,36069,14537,7/25/07
Erie,36,29,36029,14134,7/25/07
Richmond,36,85,36085,10309,7/25/07
Steuben,36,101,36101,14870,7/25/07
Suffolk,36,103,36103,11702,7/25/07
Nassau,36,59,36059,11041,7/25/07
St. Lawrence,36,89,36089,13645,7/25/07
Columbia,36,21,36021,12172,7/25/07
Orange,36,71,36071,10915,7/25/07
Otsego,36,77,36077,12155,7/25/07
Saratoga,36,91,36091,12188,7/25/07
New York,36,61,36061,10161,7/25/07
Seneca,36,99,36099,14433,7/25/07
Montgomery,36,57,36057,13320,7/25/07
New York,36,61,36061,10199,7/25/07
Orange,36,71,36071,10979,7/25/07
Richmond,36,85,36085,10303,7/25/07
Rensselaer,36,83,36083,12040,7/25/07
Otsego,36,77,36077,12197,7/25/07
Tompkins,36,109,36109,14867,7/25/07
Broome,36,7,36007,13862,7/25/07
Ontario,36,69,36069,14544,7/25/07
Nassau,36,59,36059,11559,7/25/07
Wyoming,36,121,36121,14530,7/25/07
Ulster,36,111,36111,12449,7/25/07
Jefferson,36,45,36045,13685,7/25/07
Albany,36,1,36001,12231,7/25/07
Dutchess,36,27,36027,12585,7/25/07
Orange,36,71,36071,10975,7/25/07
Nassau,36,59,36059,11054,7/25/07
Sullivan,36,105,36105,12727,7/25/07
Steuben,36,101,36101,14812,7/25/07
Schoharie,36,95,36095,12149,7/25/07
Delaware,36,25,36025,13860,7/25/07
Greene,36,39,36039,12451,7/25/07
New York,36,61,36061,10005,7/25/07
Queens,36,81,36081,11419,7/25/07
Albany,36,1,36001,12220,7/25/07
New York,36,61,36061,10150,7/25/07
Cattaraugus,36,9,36009,14772,7/25/07
Cortland,36,23,36023,13056,7/25/07
Livingston,36,51,36051,14486,7/25/07
Dutchess,36,27,36027,12569,7/25/07
Seneca,36,99,36099,13146,7/25/07
Ulster,36,111,36111,12457,7/25/07
Suffolk,36,103,36103,11752,7/25/07
New York,36,61,36061,10102,7/25/07
Otsego,36,77,36077,13849,7/25/07
Broome,36,7,36007,13749,7/25/07
Cattaraugus,36,9,36009,14760,7/25/07
Broome,36,7,36007,13863,7/25/07
Kings,36,47,36047,11211,7/25/07
Chautauqua,36,13,36013,14722,7/25/07
Wayne,36,117,36117,13156,7/25/07
Jefferson,36,45,36045,13626,7/25/07
Albany,36,1,36001,12226,7/25/07
Greene,36,39,36039,12452,7/25/07
Oswego,36,75,36075,13114,7/25/07
Nassau,36,59,36059,11702,7/25/07
Monroe,36,55,36055,14416,7/25/07
Westchester,36,119,36119,10603,7/25/07
Washington,36,115,36115,12834,7/25/07
Seneca,36,99,36099,14847,7/25/07
Erie,36,29,36029,14051,7/25/07
Chenango,36,17,36017,13787,7/25/07
Washington,36,115,36115,12861,7/25/07
Montgomery,36,57,36057,12166,7/25/07
New York,36,61,36061,10269,7/25/07
Albany,36,1,36001,12237,7/25/07
Erie,36,29,36029,14269,7/25/07
Allegany,36,3,36003,14536,7/25/07
Niagara,36,63,36063,14008,7/25/07
Ulster,36,111,36111,12484,7/25/07
Tompkins,36,109,36109,13062,7/25/07
Suffolk,36,103,36103,11724,7/25/07
Sullivan,36,105,36105,12789,7/25/07
Albany,36,1,36001,12256,7/25/07
Jefferson,36,45,36045,13628,7/25/07
Kings,36,47,36047,11214,7/25/07
Herkimer,36,43,36043,13324,7/25/07
Westchester,36,119,36119,10577,7/25/07
Nassau,36,59,36059,11555,7/25/07
Sullivan,36,105,36105,12721,7/25/07
Erie,36,29,36029,14102,7/25/07
Wyoming,36,121,36121,14550,7/25/07
Nassau,36,59,36059,11552,7/25/07
Cortland,36,23,36023,13141,7/25/07
Westchester,36,119,36119,10573,7/25/07
Suffolk,36,103,36103,11747,7/25/07
Nassau,36,59,36059,11774,7/25/07
Ulster,36,111,36111,12464,7/25/07
Oswego,36,75,36075,13042,7/25/07
New York,36,61,36061,10178,7/25/07
Saratoga,36,91,36091,12086,7/25/07
Erie,36,29,36029,14112,7/25/07
Livingston,36,51,36051,14558,7/25/07
Nassau,36,59,36059,11563,7/25/07
New York,36,61,36061,10008,7/25/07
Sullivan,36,105,36105,12788,7/25/07
Sullivan,36,105,36105,12458,7/25/07
Sullivan,36,105,36105,12723,7/25/07
Tioga,36,107,36107,14859,7/25/07
Onondaga,36,67,36067,13208,7/25/07
Livingston,36,51,36051,14556,7/25/07
Genesee,36,37,36037,14125,7/25/07
St. Lawrence,36,89,36089,12973,7/25/07
New York,36,61,36061,10115,7/25/07
Washington,36,115,36115,12838,7/25/07
Cortland,36,23,36023,13863,7/25/07
Onondaga,36,67,36067,13138,7/25/07
Yates,36,123,36123,14418,7/25/07
Delaware,36,25,36025,12455,7/25/07
Suffolk,36,103,36103,11746,7/25/07
Sullivan,36,105,36105,12733,7/25/07
Genesee,36,37,36037,14056,7/25/07
Westchester,36,119,36119,10805,7/25/07
Wayne,36,117,36117,14555,7/25/07
Westchester,36,119,36119,10504,7/25/07
Suffolk,36,103,36103,11772,7/25/07
Nassau,36,59,36059,11501,7/25/07
Onondaga,36,67,36067,13030,7/25/07
New York,36,61,36061,10173,7/25/07
Suffolk,36,103,36103,11727,7/25/07
Albany,36,1,36001,12252,7/25/07
Wayne,36,117,36117,13146,7/25/07
Chautauqua,36,13,36013,14716,7/25/07
Ontario,36,69,36069,14456,7/25/07
Wyoming,36,121,36121,14030,7/25/07
Cayuga,36,11,36011,13156,7/25/07
Oneida,36,65,36065,13478,7/25/07
Greene,36,39,36039,12083,7/25/07
Herkimer,36,43,36043,13367,7/25/07
Albany,36,1,36001,12234,7/25/07
Nassau,36,59,36059,11550,7/25/07
Oneida,36,65,36065,13495,7/25/07
New York,36,61,36061,10002,7/25/07
Orange,36,71,36071,10941,7/25/07
Onondaga,36,67,36067,13020,7/25/07
Otsego,36,77,36077,13733,7/25/07
Franklin,36,33,36033,13655,7/25/07
St. Lawrence,36,89,36089,13695,7/25/07
Livingston,36,51,36051,14836,7/25/07
Genesee,36,37,36037,14021,7/25/07
Herkimer,36,43,36043,13407,7/25/07
Erie,36,29,36029,14043,7/25/07
Jefferson,36,45,36045,13622,7/25/07
Ulster,36,111,36111,12495,7/25/07
Montgomery,36,57,36057,13428,7/25/07
Albany,36,1,36001,12211,7/25/07
Oneida,36,65,36065,13504,7/25/07
Sullivan,36,105,36105,12750,7/25/07
Suffolk,36,103,36103,11779,7/25/07
Queens,36,81,36081,11001,7/25/07
Kings,36,47,36047,11229,7/25/07
Jefferson,36,45,36045,13665,7/25/07
Yates,36,123,36123,14544,7/25/07
Onondaga,36,67,36067,13082,7/25/07
Madison,36,53,36053,13346,7/25/07
Montgomery,36,57,36057,12066,7/25/07
Oneida,36,65,36065,13421,7/25/07
Oneida,36,65,36065,13435,7/25/07
Niagara,36,63,36063,14144,7/25/07
Niagara,36,63,36063,14174,7/25/07
Oneida,36,65,36065,13309,7/25/07
Steuben,36,101,36101,14810,7/25/07
Niagara,36,63,36063,14305,7/25/07
Oneida,36,65,36065,13362,7/25/07
Oneida,36,65,36065,13157,7/25/07
Niagara,36,63,36063,14094,7/25/07
Erie,36,29,36029,14225,7/25/07
Monroe,36,55,36055,14652,7/25/07
Niagara,36,63,36063,14172,7/25/07
Columbia,36,21,36021,12168,7/25/07
Essex,36,31,36031,12857,7/25/07
Washington,36,115,36115,12854,7/25/07
Columbia,36,21,36021,12156,7/25/07
Niagara,36,63,36063,14001,7/25/07
Washington,36,115,36115,12154,7/25/07
Oneida,36,65,36065,13352,7/25/07
Monroe,36,55,36055,14649,7/25/07
Niagara,36,63,36063,14303,7/25/07
Monroe,36,55,36055,14653,7/25/07
Warren,36,113,36113,12870,7/25/07
Steuben,36,101,36101,14840,7/25/07
Monroe,36,55,36055,14694,7/25/07
Washington,36,115,36115,12865,7/25/07
Monroe,36,55,36055,14604,7/25/07
New York,36,61,36061,10285,7/25/07
Oswego,36,75,36075,13316,7/25/07
Nassau,36,59,36059,11597,7/25/07
Niagara,36,63,36063,14067,7/25/07
Queens,36,81,36081,11435,7/25/07
Oneida,36,65,36065,13441,7/25/07
Oneida,36,65,36065,13316,7/25/07
Monroe,36,55,36055,14643,7/25/07
Columbia,36,21,36021,12123,7/25/07
Orange,36,71,36071,10926,7/25/07
Erie,36,29,36029,14216,7/25/07
Delaware,36,25,36025,12474,7/25/07
Nassau,36,59,36059,11773,7/25/07
Oneida,36,65,36065,13301,7/25/07
Monroe,36,55,36055,14622,7/25/07
Monroe,36,55,36055,14624,7/25/07
Queens,36,81,36081,11423,7/25/07
Nassau,36,59,36059,11579,7/25/07
Washington,36,115,36115,12873,7/25/07
Delaware,36,25,36025,12093,7/25/07
Herkimer,36,43,36043,13413,7/25/07
New York,36,61,36061,10111,7/25/07
Nassau,36,59,36059,11507,7/25/07
Erie,36,29,36029,14217,7/25/07
Otsego,36,77,36077,13361,7/25/07
Steuben,36,101,36101,14897,7/25/07
Herkimer,36,43,36043,13491,7/25/07
New York,36,61,36061,10113,7/25/07
Essex,36,31,36031,12855,7/25/07
Orange,36,71,36071,10924,7/25/07
Delaware,36,25,36025,13731,7/25/07
Niagara,36,63,36063,14126,7/25/07
Clinton,36,19,36019,12933,7/25/07
Monroe,36,55,36055,14683,7/25/07
Montgomery,36,57,36057,12010,7/25/07
Essex,36,31,36031,12983,7/25/07
Suffolk,36,103,36103,11970,7/25/07
Oneida,36,65,36065,13303,7/25/07
Nassau,36,59,36059,11736,7/25/07
Suffolk,36,103,36103,11942,7/25/07
Broome,36,7,36007,13833,7/25/07
Broome,36,7,36007,13826,7/25/07
Erie,36,29,36029,14218,7/25/07
New York,36,61,36061,10103,7/25/07
New York,36,61,36061,10107,7/25/07
Albany,36,1,36001,12077,7/25/07
Genesee,36,37,36037,14103,7/25/07
Suffolk,36,103,36103,11940,7/25/07
Warren,36,113,36113,12885,7/25/07
Essex,36,31,36031,12913,7/25/07
Clinton,36,19,36019,12997,7/25/07
Broome,36,7,36007,13730,7/25/07
Onondaga,36,67,36067,13235,7/25/07
Delaware,36,25,36025,13788,7/25/07
Greene,36,39,36039,12058,7/25/07
Nassau,36,59,36059,11765,7/25/07
Nassau,36,59,36059,11701,7/25/07
Oneida,36,65,36065,13403,7/25/07
Steuben,36,101,36101,14820,7/25/07
Wayne,36,117,36117,14432,7/25/07
Albany,36,1,36001,12161,7/25/07
Sullivan,36,105,36105,12787,7/25/07
Bronx,36,5,36005,10550,7/25/07
Oswego,36,75,36075,13426,7/25/07
Otsego,36,77,36077,13807,7/25/07
Nassau,36,59,36059,11554,7/25/07
Essex,36,31,36031,12998,7/25/07
Franklin,36,33,36033,12914,7/25/07
Ontario,36,69,36069,14504,7/25/07
Erie,36,29,36029,14267,7/25/07
Steuben,36,101,36101,14830,7/25/07
Erie,36,29,36029,14219,7/25/07
Onondaga,36,67,36067,13225,7/25/07
Monroe,36,55,36055,14614,7/25/07
Kings,36,47,36047,11256,7/25/07
Putnam,36,79,36079,12563,7/25/07
Lewis,36,49,36049,13327,7/25/07
Oswego,36,75,36075,13493,7/25/07
Cattaraugus,36,9,36009,14778,7/25/07
Oswego,36,75,36075,13437,7/25/07
Broome,36,7,36007,13803,7/25/07
Albany,36,1,36001,12183,7/25/07
Erie,36,29,36029,14222,7/25/07
Suffolk,36,103,36103,11937,7/25/07
Columbia,36,21,36021,12546,7/25/07
Oswego,36,75,36075,13142,7/25/07
Lewis,36,49,36049,13471,7/25/07
Albany,36,1,36001,12122,7/25/07
Steuben,36,101,36101,14827,7/25/07
Queens,36,81,36081,11420,7/25/07
Washington,36,115,36115,12849,7/25/07
Warren,36,113,36113,12886,7/25/07
Wayne,36,117,36117,14449,7/25/07
Essex,36,31,36031,12950,7/25/07
New York,36,61,36061,10037,7/25/07
Franklin,36,33,36033,12915,7/25/07
Steuben,36,101,36101,14874,7/25/07
Franklin,36,33,36033,12917,7/25/07
Columbia,36,21,36021,12050,7/25/07
Nassau,36,59,36059,11590,7/25/07
Clinton,36,19,36019,12959,7/25/07
Essex,36,31,36031,12883,7/25/07
Delaware,36,25,36025,12760,7/25/07
Washington,36,115,36115,12028,7/25/07
Yates,36,123,36123,14837,7/25/07
Erie,36,29,36029,14227,7/25/07
Cayuga,36,11,36011,13045,7/25/07
Schenectady,36,93,36093,12066,7/25/07
Monroe,36,55,36055,14430,7/25/07
Kings,36,47,36047,11247,7/25/07
Oneida,36,65,36065,13032,7/25/07
Westchester,36,119,36119,10571,7/25/07
Delaware,36,25,36025,12468,7/25/07
Ulster,36,111,36111,12440,7/25/07
Niagara,36,63,36063,14304,7/25/07
Erie,36,29,36029,14231,7/25/07
Orange,36,71,36071,10974,7/25/07
Suffolk,36,103,36103,11967,7/25/07
Nassau,36,59,36059,11572,7/25/07
Monroe,36,55,36055,14638,7/25/07
Ulster,36,111,36111,12568,7/25/07
New York,36,61,36061,10292,7/25/07
Yates,36,123,36123,14842,7/25/07
Niagara,36,63,36063,14012,7/25/07
Yates,36,123,36123,14415,7/25/07
Albany,36,1,36001,12041,7/25/07
Suffolk,36,103,36103,11760,7/25/07
Queens,36,81,36081,11357,7/25/07
Westchester,36,119,36119,10701,7/25/07
Queens,36,81,36081,11365,7/25/07
Westchester,36,119,36119,10567,7/25/07
Cattaraugus,36,9,36009,14751,7/25/07
Saratoga,36,91,36091,12871,7/25/07
Herkimer,36,43,36043,13350,7/25/07
New York,36,61,36061,10075,7/25/07
Queens,36,81,36081,11428,7/25/07
Saratoga,36,91,36091,12020,7/25/07
Ulster,36,111,36111,12417,7/25/07
Rensselaer,36,83,36083,12138,7/25/07
Ontario,36,69,36069,14547,7/25/07
Washington,36,115,36115,12883,7/25/07
Orange,36,71,36071,12785,7/25/07
Westchester,36,119,36119,10562,7/25/07
Washington,36,115,36115,12809,7/25/07
Albany,36,1,36001,12157,7/25/07
Dutchess,36,27,36027,12564,7/25/07
Saratoga,36,91,36091,12027,7/25/07
Albany,36,1,36001,12147,7/25/07
Hamilton,36,41,36041,13331,7/25/07
Oswego,36,75,36075,13093,7/25/07
Niagara,36,63,36063,14032,7/25/07
Washington,36,115,36115,12832,7/25/07
Onondaga,36,67,36067,13031,7/25/07
Suffolk,36,103,36103,11965,7/25/07
Otsego,36,77,36077,13439,7/25/07
Cayuga,36,11,36011,13140,7/25/07
Otsego,36,77,36077,13411,7/25/07
Orange,36,71,36071,10985,7/25/07
Oswego,36,75,36075,13028,7/25/07
Erie,36,29,36029,14025,7/25/07
Westchester,36,119,36119,10580,7/25/07
Delaware,36,25,36025,13774,7/25/07
Queens,36,81,36081,11451,7/25/07
New York,36,61,36061,10101,7/25/07
Oneida,36,65,36065,13455,7/25/07
Steuben,36,101,36101,14885,7/25/07
Nassau,36,59,36059,11530,7/25/07
Kings,36,47,36047,11242,7/25/07
Greene,36,39,36039,12192,7/25/07
Ontario,36,69,36069,14466,7/25/07
Orange,36,71,36071,10997,7/25/07
Franklin,36,33,36033,12966,7/25/07
Cayuga,36,11,36011,13117,7/25/07
Erie,36,29,36029,14270,7/25/07
Wayne,36,117,36117,14589,7/25/07
Herkimer,36,43,36043,13475,7/25/07
Wyoming,36,121,36121,14427,7/25/07
Broome,36,7,36007,13737,7/25/07
New York,36,61,36061,10162,7/25/07
New York,36,61,36061,10117,7/25/07
Delaware,36,25,36025,13847,7/25/07
New York,36,61,36061,10131,7/25/07
Dutchess,36,27,36027,12514,7/25/07
New York,36,61,36061,10159,7/25/07
Ulster,36,111,36111,12528,7/25/07
New York,36,61,36061,10120,7/25/07
Hamilton,36,41,36041,12032,7/25/07